DATE,cpercent
1/4/2000,-0.039732994
1/5/2000,0.050976498
1/6/2000,0.058267717
1/7/2000,0.01984127
1/10/2000,-0.004863813
1/11/2000,-0.017595308
1/12/2000,0.002985075
1/13/2000,0
1/14/2000,-0.014781746
1/18/2000,-0.021951465
1/19/2000,0.017296407
1/20/2000,-0.037243194
1/21/2000,-0.001997267
1/24/2000,-0.0230672
1/25/2000,-0.014770889
1/26/2000,0.053950536
1/27/2000,-0.000622988
1/28/2000,-0.041558442
1/31/2000,0.01495935
2/1/2000,0.005340169
2/2/2000,-0.017316477
2/3/2000,-0.008756757
2/4/2000,-0.028683608
2/7/2000,-0.016056591
2/8/2000,0.000684697
2/9/2000,-0.000684229
2/10/2000,-0.018600936
2/11/2000,-0.035581395
2/14/2000,-0.000723415
2/15/2000,0.075410232
2/16/2000,-0.009200045
2/17/2000,0.014947345
2/18/2000,-0.023094946
2/22/2000,0.029351302
2/23/2000,0.024187285
2/24/2000,-0.014191312
2/25/2000,-0.057692308
2/28/2000,0.008046647
2/29/2000,0.020245257
3/1/2000,-0.023358657
3/2/2000,-0.000812725
3/3/2000,0.039972112
3/6/2000,-0.025139665
3/7/2000,-0.051575931
3/8/2000,-0.002296073
3/9/2000,-0.019622093
3/10/2000,0.006918705
3/13/2000,-0.030674847
3/14/2000,0.00164557
3/15/2000,0.042588146
3/16/2000,0.067393939
3/17/2000,-0.024755848
3/20/2000,0.013041453
3/21/2000,0.03954023
3/22/2000,-0.049093322
3/23/2000,0.011627907
3/24/2000,0.044597701
3/27/2000,-0.024757923
3/28/2000,0.002820715
3/29/2000,-0.014063906
3/30/2000,0.015633915
3/31/2000,-0.00494382
4/3/2000,0.037488708
4/4/2000,0.011536787
4/5/2000,-0.01947493
4/6/2000,0.024690003
4/7/2000,-0.01874063
4/10/2000,0.012223071
4/11/2000,0.029002695
4/12/2000,-0.008487008
4/13/2000,0.001268097
4/14/2000,-0.041583113
4/17/2000,-0.010241163
4/18/2000,0
4/19/2000,0.00623053
4/20/2000,0.020013268
4/24/2000,0.055609756
4/25/2000,-0.036660505
4/26/2000,-0.051913442
4/27/2000,-0.016865302
4/28/2000,-0.009263495
5/1/2000,0.003578437
5/2/2000,0
5/3/2000,-0.01299747
5/4/2000,-0.004311852
5/5/2000,0.01463015
5/8/2000,0.007151921
5/9/2000,-0.015004009
5/10/2000,-0.000697674
5/11/2000,0
5/12/2000,-0.012334187
5/15/2000,0.012488219
5/16/2000,0.047940424
5/17/2000,-0.02287364
5/18/2000,-0.010681818
5/19/2000,-0.029405008
5/22/2000,-0.003668639
5/23/2000,-0.000712674
5/24/2000,0.048258647
5/25/2000,-0.036852251
5/26/2000,-0.011066635
5/30/2000,0.013452381
5/31/2000,0.016797839
6/1/2000,-0.019408503
6/2/2000,-0.006715363
6/5/2000,0.008895742
6/6/2000,-0.03233012
6/7/2000,-0.006803548
6/8/2000,0
6/9/2000,0.002324159
6/12/2000,0.000244081
6/13/2000,-0.000976086
6/14/2000,0.028212018
6/15/2000,0.026725264
6/16/2000,-0.023137436
6/19/2000,-0.011132165
6/20/2000,-0.015688623
6/21/2000,0.049397737
6/22/2000,-0.002202899
6/23/2000,-0.018824076
6/26/2000,0.012553292
6/27/2000,0.013216374
6/28/2000,-0.006464273
6/29/2000,-0.00592541
6/30/2000,-0.029920524
7/3/2000,0.012771084
7/5/2000,0.052819415
7/6/2000,-0.021920904
7/7/2000,-0.004967652
7/10/2000,0.012306978
7/11/2000,0.020071109
7/12/2000,0.012592759
7/13/2000,-0.005551854
7/14/2000,-0.018758374
7/17/2000,-0.007168867
7/18/2000,0.008595989
7/19/2000,-0.017045455
7/20/2000,0
7/21/2000,-0.001387283
7/24/2000,0.0310257
7/25/2000,-0.008421289
7/26/2000,0.002830936
7/27/2000,0.004968383
7/28/2000,0.02247191
7/31/2000,-0.01032967
8/1/2000,-0.007550522
8/2/2000,0.009733721
8/3/2000,-0.003434903
8/4/2000,0.000667111
8/7/2000,0.009777778
8/8/2000,0.005501761
8/9/2000,0.012256511
8/10/2000,0.02572973
8/11/2000,0.019709106
8/14/2000,-0.010956072
8/15/2000,-0.008464834
8/16/2000,-0.007272344
8/17/2000,0.011253849
8/18/2000,-0.001259843
8/21/2000,-0.001997267
8/22/2000,0.014430166
8/23/2000,-0.003841761
8/24/2000,-0.011778195
8/25/2000,0.009914566
8/28/2000,-0.006475196
8/29/2000,-0.005255966
8/30/2000,-0.013209342
8/31/2000,-0.003855215
9/1/2000,-0.005590196
9/5/2000,-0.002702703
9/6/2000,0.020379404
9/7/2000,-0.026559014
9/8/2000,-0.018443741
9/11/2000,-0.011118523
9/12/2000,-0.009894311
9/13/2000,-0.017715194
9/14/2000,-0.01734104
9/15/2000,0.001529412
9/18/2000,-0.022788676
9/19/2000,0.008294266
9/20/2000,-0.025393419
9/21/2000,0.057370031
9/22/2000,0.02093938
9/25/2000,0.019830028
9/26/2000,-0.001333333
9/27/2000,0.000667557
9/28/2000,0.018790305
9/29/2000,-0.005456728
10/2/2000,0.006145067
10/3/2000,0.025193587
10/4/2000,0.015957447
10/5/2000,-0.023560209
10/6/2000,-0.011367292
10/9/2000,-0.004772752
10/10/2000,0.015040872
10/11/2000,0.001288521
10/12/2000,-0.02541555
10/13/2000,0.001320423
10/16/2000,0.013076923
10/17/2000,-0.011497993
10/18/2000,0
10/19/2000,-0.023373203
10/20/2000,-0.019662921
10/23/2000,0.029340974
10/24/2000,0.002783654
10/25/2000,0.00077726
10/26/2000,0.022855875
10/27/2000,0.014209784
10/30/2000,0.016042781
10/31/2000,0.017157895
11/1/2000,-0.015523129
11/2/2000,-0.001997267
11/3/2000,-0.000631978
11/6/2000,0.026349073
11/7/2000,-0.004518382
11/8/2000,0.003816794
11/9/2000,0.000719351
11/10/2000,-0.024440337
11/13/2000,-0.002
11/14/2000,0.002004008
11/15/2000,0.004
11/16/2000,-0.000733906
11/17/2000,0.007239534
11/20/2000,-0.014270833
11/21/2000,0.011201522
11/22/2000,0.00125405
11/24/2000,0
11/27/2000,0.035904394
11/28/2000,-0.00372796
11/29/2000,0.012338188
11/30/2000,-0.002197802
12/1/2000,-0.002503004
12/4/2000,0.053899428
12/5/2000,0.11047619
12/6/2000,-0.012864494
12/7/2000,-0.003475239
12/8/2000,0.019180471
12/11/2000,-0.013686912
12/12/2000,-0.012142238
12/13/2000,-0.000877963
12/14/2000,-0.024604569
12/15/2000,0.010810811
12/18/2000,0.021390374
12/19/2000,-0.006980803
12/20/2000,-0.007908612
12/21/2000,-0.001771479
12/22/2000,0.000887311
12/26/2000,0.019503546
12/27/2000,0.036521739
12/28/2000,0.022651007
12/29/2000,-0.011484824
1/2/2001,-0.010788382
1/3/2001,-0.011744966
1/4/2001,0.010186757
1/5/2001,-0.03697479
1/8/2001,0.006108202
1/9/2001,-0.016478751
1/10/2001,-0.009700176
1/11/2001,-0.001780944
1/12/2001,-0.021409456
1/16/2001,0.034639927
1/17/2001,-0.030837004
1/18/2001,-0.009090909
1/19/2001,-0.020183486
1/22/2001,0.019662921
1/23/2001,0.019283747
1/24/2001,-0.035135135
1/25/2001,0.022408964
1/26/2001,-0.020091324
1/29/2001,0
1/30/2001,0.038210624
1/31/2001,-0.006283662
2/1/2001,0.008130081
2/2/2001,-0.025985663
2/5/2001,0.010119595
2/6/2001,0.017304189
2/7/2001,0.00179051
2/8/2001,0.00178731
2/9/2001,-0.012488849
2/12/2001,0.016260163
2/13/2001,0.014222222
2/14/2001,-0.02716915
2/15/2001,0.034234234
2/16/2001,-0.013937282
2/20/2001,0.005300353
2/21/2001,-0.021968366
2/22/2001,-0.008984726
2/23/2001,0.000906618
2/26/2001,0.009057971
2/27/2001,0.014362657
2/28/2001,-0.001769912
3/1/2001,-0.028368794
3/2/2001,0.015510949
3/5/2001,0.008086253
3/6/2001,0.000891266
3/7/2001,0.005342832
3/8/2001,0.038086802
3/9/2001,-0.006825939
3/12/2001,-0.0395189
3/13/2001,-0.03667263
3/14/2001,-0.00185701
3/15/2001,0.015813953
3/16/2001,-0.029304029
3/19/2001,0.018867925
3/20/2001,-0.025925926
3/21/2001,-0.015209125
3/22/2001,-0.017374517
3/23/2001,0
3/26/2001,0.021611002
3/27/2001,0.013461538
3/28/2001,-0.0056926
3/29/2001,-0.019083969
3/30/2001,0.010700389
4/2/2001,-0.01732435
4/3/2001,-0.021449559
4/4/2001,-0.01291162
4/5/2001,0.046440884
4/6/2001,-0.011627907
4/9/2001,0.025490196
4/10/2001,0.038240918
4/11/2001,-0.016574586
4/12/2001,0.008426966
4/16/2001,0.025998143
4/17/2001,-0.014479638
4/18/2001,0.065197429
4/19/2001,0.004310345
4/20/2001,-0.034334764
4/23/2001,0.033777778
4/24/2001,-0.00171969
4/25/2001,0.007751938
4/26/2001,0.006837607
4/27/2001,0.010186757
4/30/2001,0
5/1/2001,-0.012605042
5/2/2001,-0.007659574
5/3/2001,0.010291595
5/4/2001,0.018675722
5/7/2001,-0.0175
5/8/2001,-0.012722646
5/9/2001,0.004295533
5/10/2001,0.009409752
5/11/2001,-0.005084746
5/14/2001,0.007666099
5/15/2001,-0.000845309
5/16/2001,0.061759729
5/17/2001,-0.014342629
5/18/2001,-0.004850445
5/21/2001,0
5/22/2001,-0.017059301
5/23/2001,-0.003305785
5/24/2001,-0.013266998
5/25/2001,-0.001680672
5/29/2001,0.008417508
5/30/2001,-0.020033389
5/31/2001,0.010221465
6/1/2001,0.006745363
6/4/2001,0.005025126
6/5/2001,0.0125
6/6/2001,0.000823045
6/7/2001,0.001644737
6/8/2001,-0.013957307
6/11/2001,0.001665279
6/12/2001,0.014962594
6/13/2001,-0.000819001
6/14/2001,-0.009836066
6/15/2001,0.000827815
6/18/2001,0.010752688
6/19/2001,-0.014729951
6/20/2001,-0.014950166
6/21/2001,-0.019392917
6/22/2001,0.004299226
6/25/2001,-0.009417808
6/26/2001,-0.00605013
6/27/2001,-0.006086957
6/28/2001,0.01399825
6/29/2001,-0.01553063
7/2/2001,0.028045574
7/3/2001,-0.004262575
7/5/2001,-0.003424658
7/6/2001,-0.015463918
7/9/2001,0.002617801
7/10/2001,-0.027850305
7/11/2001,0
7/12/2001,0.016114593
7/13/2001,-0.011453744
7/16/2001,-0.018716578
7/17/2001,0.025431426
7/18/2001,0.007971656
7/19/2001,0.007908612
7/20/2001,-0.014821273
7/23/2001,-0.015044248
7/24/2001,-0.037735849
7/25/2001,0.030812325
7/26/2001,0.009963768
7/27/2001,0
7/30/2001,-0.019730942
7/31/2001,0.02378774
8/1/2001,-0.008042895
8/2/2001,0.002702703
8/3/2001,0.00359389
8/6/2001,-0.020590868
8/7/2001,0.013711152
8/8/2001,-0.024346258
8/9/2001,-0.006469501
8/10/2001,0.022325581
8/13/2001,0.005459509
8/14/2001,-0.012669683
8/15/2001,0.005499542
8/16/2001,-0.006381039
8/17/2001,-0.002752294
8/20/2001,-0.000919963
8/21/2001,-0.007366483
8/22/2001,0.018552876
8/23/2001,-0.012750455
8/24/2001,0.020295203
8/27/2001,0
8/28/2001,-0.011754069
8/29/2001,-0.022872827
8/30/2001,-0.024344569
8/31/2001,-0.000959693
9/4/2001,0.004803074
9/5/2001,0.003824092
9/6/2001,-0.01047619
9/7/2001,-0.029836381
9/10/2001,0.013888889
9/17/2001,-0.066046967
9/18/2001,-0.013724463
9/19/2001,-0.017951986
9/20/2001,-0.023039481
9/21/2001,-0.036979628
9/24/2001,0.053920441
9/25/2001,0.015926694
9/26/2001,0.00268442
9/27/2001,0.031377169
9/28/2001,0.021700758
10/1/2001,-0.015650407
10/2/2001,0.003613463
10/3/2001,0.024483078
10/4/2001,0.000502058
10/5/2001,0.001003613
10/8/2001,-0.012933627
10/9/2001,-0.000101574
10/10/2001,0.034132466
10/11/2001,0.042239686
10/12/2001,-0.015080113
10/15/2001,0.012440191
10/16/2001,0.003780718
10/17/2001,-0.028248588
10/18/2001,-0.001937984
10/19/2001,-0.00776699
10/22/2001,0.050880626
10/23/2001,-0.009310987
10/24/2001,0.002819549
10/25/2001,0.018744142
10/26/2001,0.010119595
10/29/2001,-0.030054645
10/30/2001,-0.010328638
10/31/2001,-0.009487666
11/1/2001,0.018199234
11/2/2001,0.017873942
11/5/2001,0.021256932
11/6/2001,-0.009954751
11/7/2001,0.010054845
11/8/2001,0.008144796
11/9/2001,0.000897666
11/12/2001,-0.004484305
11/13/2001,0.021621622
11/14/2001,0.013227513
11/15/2001,-0.002610966
11/16/2001,0.003490401
11/19/2001,0.014782609
11/20/2001,-0.00428449
11/21/2001,-0.006884682
11/23/2001,0.016464471
11/26/2001,-0.002557545
11/27/2001,-0.006837607
11/28/2001,-0.013769363
11/29/2001,0.005235602
11/30/2001,-0.005208333
12/3/2001,-0.006108202
12/4/2001,0.021949078
12/5/2001,0.021477663
12/6/2001,-0.000841043
12/7/2001,-0.004208754
12/10/2001,-0.022823331
12/11/2001,0.001730104
12/12/2001,0.001727116
12/13/2001,-0.00862069
12/14/2001,0.006956522
12/17/2001,0.012953368
12/18/2001,0.018755328
12/19/2001,0.00251046
12/20/2001,-0.010851419
12/21/2001,0.005907173
12/24/2001,0.001677852
12/26/2001,0.010050251
12/27/2001,-0.00331675
12/28/2001,-0.00249584
12/31/2001,-0.014178482
1/2/2002,-0.009306261
1/3/2002,-0.002561913
1/4/2002,0.002568493
1/7/2002,-0.011955594
1/8/2002,-0.005185825
1/9/2002,-0.003475239
1/10/2002,-0.013077594
1/11/2002,0.005300353
1/14/2002,-0.017574692
1/15/2002,-0.020572451
1/16/2002,-0.052968037
1/17/2002,0.007714561
1/18/2002,0.022009569
1/22/2002,-0.003745318
1/23/2002,0.010338346
1/24/2002,0.018604651
1/25/2002,0.015525114
1/28/2002,-0.006294964
1/29/2002,-0.016289593
1/30/2002,0.011039558
1/31/2002,0.010009099
2/1/2002,0.020720721
2/4/2002,-0.033539276
2/5/2002,-0.007305936
2/6/2002,0.009199632
2/7/2002,-0.001823154
2/8/2002,0.015525114
2/11/2002,0.025179856
2/12/2002,0.001754386
2/13/2002,0.014010508
2/14/2002,0.009499136
2/15/2002,-0.011976048
2/19/2002,-0.012987013
2/20/2002,0.027192982
2/21/2002,-0.009393681
2/22/2002,0.025862069
2/25/2002,0.012605042
2/26/2002,-0.009958506
2/27/2002,-0.002514669
2/28/2002,-0.009243697
3/1/2002,0.020356234
3/4/2002,0.02244389
3/5/2002,-0.022764228
3/6/2002,0.011647255
3/7/2002,-0.004111842
3/8/2002,0.003303055
3/11/2002,-0.008230453
3/12/2002,0.006639004
3/13/2002,-0.014839242
3/14/2002,0.009205021
3/15/2002,0.006633499
3/18/2002,0.006589786
3/19/2002,-0.004091653
3/20/2002,-0.014790468
3/21/2002,-0.013344454
3/22/2002,-0.016060862
3/25/2002,-0.006013746
3/26/2002,0.008643042
3/27/2002,0.002570694
3/28/2002,-0.017094017
4/1/2002,0.002608696
4/2/2002,-0.002601908
4/3/2002,-0.01826087
4/4/2002,0.010628875
4/5/2002,0.068361087
4/8/2002,0.013945857
4/9/2002,0.010517799
4/10/2002,0.001601281
4/11/2002,-0.010391687
4/12/2002,-0.012924071
4/15/2002,-0.004909984
4/16/2002,0.023026316
4/17/2002,-0.007234727
4/18/2002,0.001619433
4/19/2002,0.009700889
4/22/2002,0.000800641
4/23/2002,-0.0056
4/24/2002,0.009654063
4/25/2002,0.011952191
4/26/2002,-0.020472441
4/29/2002,-0.014469453
4/30/2002,0.026101142
5/1/2002,0.001589825
5/2/2002,0.00952381
5/3/2002,-0.001572327
5/6/2002,-0.022047244
5/7/2002,0.000805153
5/8/2002,0.015285599
5/9/2002,0.000792393
5/10/2002,0.004750594
5/13/2002,0.012608353
5/14/2002,0.011673152
5/15/2002,-0.003846154
5/16/2002,-0.000772201
5/17/2002,0.005409583
5/20/2002,-0.014604151
5/21/2002,-0.009360374
5/22/2002,0.003937008
5/23/2002,0.007843137
5/24/2002,-0.003891051
5/28/2002,-0.009375
5/29/2002,-0.014195584
5/30/2002,0.0008
5/31/2002,0.002398082
6/3/2002,-0.007177033
6/4/2002,0.004819277
6/5/2002,0.004796163
6/6/2002,-0.016706444
6/7/2002,0.006472492
6/10/2002,0.012861736
6/11/2002,-0.003968254
6/12/2002,0.016733068
6/13/2002,-0.014106583
6/14/2002,0.002384738
6/17/2002,0.007930214
6/18/2002,0.011014949
6/19/2002,-0.005447471
6/20/2002,-0.007824726
6/21/2002,-0.022082019
6/24/2002,0.000806452
6/25/2002,-0.012087027
6/26/2002,-0.001631321
6/27/2002,0.022875817
6/28/2002,-0.017571885
7/1/2002,0.035772358
7/2/2002,-0.01255887
7/3/2002,0.002384738
7/5/2002,0.030134814
7/8/2002,-0.005388761
7/9/2002,-0.009287926
7/10/2002,-0.03125
7/11/2002,-0.020967742
7/12/2002,-0.004118616
7/15/2002,-0.016542597
7/16/2002,-0.025231287
7/17/2002,0.013805004
7/18/2002,-0.006808511
7/19/2002,-0.066838046
7/22/2002,0.000918274
7/23/2002,0.025688073
7/24/2002,0.070661896
7/25/2002,0.002506266
7/26/2002,0.0075
7/29/2002,0.047973532
7/30/2002,-0.009471192
7/31/2002,0.002390438
8/1/2002,-0.029411765
8/2/2002,-0.018018018
8/5/2002,-0.026688907
8/6/2002,0.039417309
8/7/2002,0.020610058
8/8/2002,0.019386107
8/9/2002,0
8/12/2002,-0.004754358
8/13/2002,-0.012738854
8/14/2002,0.02016129
8/15/2002,0.002371542
8/16/2002,-0.001577287
8/19/2002,0.021327014
8/20/2002,-0.003093581
8/21/2002,-0.000775795
8/22/2002,-0.01242236
8/23/2002,-0.007075472
8/26/2002,0.007917656
8/27/2002,-0.003142184
8/28/2002,-0.014972419
8/29/2002,-0.0024
8/30/2002,0.002405774
9/3/2002,-0.04
9/4/2002,0.005833333
9/5/2002,0
9/6/2002,0.015741508
9/9/2002,0.01223491
9/10/2002,0.00886382
9/11/2002,-0.010383387
9/12/2002,-0.01291364
9/13/2002,-0.020441537
9/16/2002,-0.005843072
9/17/2002,-0.020151134
9/18/2002,0.014567266
9/19/2002,-0.010135135
9/20/2002,0.019624573
9/23/2002,-0.016736402
9/24/2002,-0.037446809
9/25/2002,0.001768347
9/26/2002,0.022065313
9/27/2002,-0.027633851
9/30/2002,-0.023090586
10/1/2002,0.057272727
10/2/2002,-0.015477214
10/3/2002,0.004366812
10/4/2002,-0.004347826
10/7/2002,-0.031441048
10/8/2002,0.026149684
10/9/2002,-0.013181019
10/10/2002,0.038290294
10/11/2002,0.034305317
10/14/2002,0.00331675
10/15/2002,0.03553719
10/16/2002,-0.015961692
10/17/2002,0.01459854
10/18/2002,0.001598721
10/21/2002,0.02952913
10/22/2002,-0.001550388
10/23/2002,0.004658385
10/24/2002,-0.028593509
10/25/2002,0.015910899
10/28/2002,-0.018010963
10/29/2002,0.003189793
10/30/2002,0.011923688
10/31/2002,-0.003142184
11/1/2002,0.009456265
11/4/2002,0.00156128
11/5/2002,0.003897116
11/6/2002,0.013198758
11/7/2002,-0.014559387
11/8/2002,-0.002332815
11/11/2002,-0.014809041
11/12/2002,0.011075949
11/13/2002,0.007042254
11/14/2002,0.01010101
11/15/2002,-0.003846154
11/18/2002,-0.015444015
11/19/2002,0.003921569
11/20/2002,0.00546875
11/21/2002,0.017871018
11/22/2002,-0.009923664
11/25/2002,-0.0077101
11/26/2002,-0.025641026
11/27/2002,0.033492823
11/29/2002,0.002314815
12/2/2002,-0.011547344
12/3/2002,-0.001557632
12/4/2002,-0.001560062
12/5/2002,-0.01640625
12/6/2002,0.001588562
12/9/2002,-0.015860428
12/10/2002,0.008058018
12/11/2002,-0.003197442
12/12/2002,-0.008019246
12/13/2002,-0.015359741
12/16/2002,0.015599343
12/17/2002,-0.017784964
12/18/2002,-0.00526749
12/19/2002,-0.00463346
12/20/2002,0.031587697
12/23/2002,-0.004029009
12/24/2002,-0.001618123
12/26/2002,-0.001620746
12/27/2002,-0.015422078
12/30/2002,0.014014839
12/31/2002,0.002439024
1/2/2003,0.02838605
1/3/2003,-0.003943218
1/6/2003,0.007125891
1/7/2003,-0.000786164
1/8/2003,-0.011014949
1/9/2003,0.015910899
1/10/2003,-0.008613939
1/13/2003,-0.000789889
1/14/2003,0.011699605
1/15/2003,-0.007657446
1/16/2003,-0.002362205
1/17/2003,-0.003157064
1/21/2003,-0.005542359
1/22/2003,0.015127389
1/23/2003,0.011764706
1/24/2003,-0.020155039
1/27/2003,-0.01028481
1/28/2003,0.005595524
1/29/2003,0
1/30/2003,-0.015103339
1/31/2003,0.005649718
2/3/2003,0.003210273
2/4/2003,-0.0152
2/5/2003,0
2/6/2003,-0.000812348
2/7/2003,-0.004065041
2/10/2003,0.009795918
2/11/2003,-0.004850445
2/12/2003,-0.006498781
2/13/2003,0.000817661
2/14/2003,0.022058824
2/18/2003,0.011990408
2/19/2003,-0.005529226
2/20/2003,-0.007942812
2/21/2003,0.01601281
2/24/2003,-0.014972419
2/25/2003,0.0056
2/26/2003,-0.007159905
2/27/2003,0.011217949
2/28/2003,-0.006339144
3/3/2003,-0.004784689
3/4/2003,-0.008814103
3/5/2003,0.011317704
3/6/2003,-0.012789768
3/7/2003,0.008097166
3/10/2003,-0.02248996
3/11/2003,-0.005751849
3/12/2003,0.004132231
3/13/2003,0.032098765
3/14/2003,0.001594896
3/17/2003,0.031050955
3/18/2003,0.003861004
3/19/2003,-0.002307692
3/20/2003,0.00693909
3/21/2003,0.029096478
3/24/2003,-0.02827381
3/25/2003,0.013016845
3/26/2003,-0.004535147
3/27/2003,0
3/28/2003,-0.009111617
3/31/2003,-0.003831418
4/1/2003,0.006461538
4/2/2003,0.021553042
4/3/2003,0.001421517
4/4/2003,0.000971236
4/7/2003,-0.010598597
4/8/2003,0.006940253
4/9/2003,-0.014009589
4/10/2003,0.008889902
4/11/2003,0.000979063
4/14/2003,0.002482883
4/15/2003,0.003002101
4/16/2003,-0.034720144
4/17/2003,0.007596899
4/21/2003,-0.001154024
4/22/2003,-0.00061619
4/23/2003,-0.015028902
4/24/2003,-0.01627543
4/25/2003,-0.022430799
4/28/2003,0.031733116
4/29/2003,0.001340694
4/30/2003,-0.007324565
5/1/2003,-0.009044748
5/2/2003,0.010008006
5/5/2003,-0.010622275
5/6/2003,-0.015944235
5/7/2003,-0.010666015
5/8/2003,0.012920747
5/9/2003,-0.002193695
5/12/2003,0.013353961
5/13/2003,-0.007874648
5/14/2003,-0.002510731
5/15/2003,0.021841507
5/16/2003,-0.003178387
5/19/2003,-0.011717816
5/20/2003,0.006371995
5/21/2003,-0.012022121
5/22/2003,0.012168411
5/23/2003,-0.010178729
5/27/2003,0.021052632
5/28/2003,-0.008643933
5/29/2003,-0.013518918
5/30/2003,0.025543302
6/2/2003,-0.01162331
6/3/2003,0.00944
6/4/2003,0.006498653
6/5/2003,-0.010551181
6/6/2003,0.005888907
6/9/2003,-0.001503165
6/10/2003,0
6/11/2003,0.013865779
6/12/2003,0.003125977
6/13/2003,-0.00436273
6/16/2003,0.020970266
6/17/2003,-0.003065604
6/18/2003,0.012761378
6/19/2003,-0.002504934
6/20/2003,-0.004794156
6/23/2003,-0.009252179
6/24/2003,0.002701243
6/25/2003,-0.004772167
6/26/2003,0.007733952
6/27/2003,-0.012970069
6/30/2003,0.002876915
7/1/2003,-0.000775314
7/2/2003,0.007836747
7/3/2003,-0.011625221
7/7/2003,0.013553513
7/8/2003,-0.002459268
7/9/2003,-0.003697997
7/10/2003,-0.003247758
7/11/2003,0.002637704
7/14/2003,-0.002166512
7/15/2003,-0.006746278
7/16/2003,-0.003669295
7/17/2003,-0.002350729
7/18/2003,0.022463085
7/21/2003,0.047395913
7/22/2003,0.009534287
7/23/2003,0.007991282
7/24/2003,0.004324324
7/25/2003,0.014711159
7/28/2003,-0.002970297
7/29/2003,-0.010143283
7/30/2003,-0.001074884
7/31/2003,0.005738881
8/1/2003,-0.008487874
8/4/2003,0.007985037
8/5/2003,-0.008349986
8/6/2003,-0.005325657
8/7/2003,0.004630635
8/8/2003,0.007922218
8/11/2003,0.013933548
8/12/2003,0.014587738
8/13/2003,0.003681322
8/14/2003,-0.01633218
8/15/2003,0.003658365
8/18/2003,0.011776251
8/19/2003,0.00076209
8/20/2003,-0.004361371
8/21/2003,0.006049228
8/22/2003,-0.008086253
8/25/2003,-0.001045151
8/26/2003,0.005370719
8/27/2003,-0.008255862
8/28/2003,-0.004896817
8/29/2003,0.001546573
9/2/2003,-0.01628413
9/3/2003,0.017552622
9/4/2003,-0.018301662
9/5/2003,-0.009428571
9/8/2003,-0.005047592
9/9/2003,-0.004131033
9/10/2003,-0.005894767
9/11/2003,0.016764275
9/12/2003,-0.004751962
9/15/2003,0.001446864
9/16/2003,0.017120566
9/17/2003,-0.003764205
9/18/2003,0.011263991
9/19/2003,0.000916461
9/22/2003,0.000986054
9/23/2003,0.004432874
9/24/2003,-0.011208406
9/25/2003,0.003258944
9/26/2003,0.012993433
9/29/2003,-0.020285814
9/30/2003,-0.508538494
10/1/2003,0.02649486
10/2/2003,0.005359661
10/3/2003,0.024551066
10/6/2003,-0.00123237
10/7/2003,0.004935563
10/8/2003,-0.008185539
10/9/2003,0.019807428
10/10/2003,-0.0013488
10/13/2003,0.006482982
10/14/2003,0.002012882
10/15/2003,-0.012990491
10/16/2003,-0.001492537
10/17/2003,0.006250849
10/20/2003,0.019311276
10/21/2003,0.000264971
10/22/2003,0.004238411
10/23/2003,0.001450805
10/24/2003,-0.003292506
10/27/2003,0.000792812
10/28/2003,0.019936625
10/29/2003,0.004142395
10/30/2003,0.006316875
10/31/2003,0.010376633
11/3/2003,-0.001014327
11/4/2003,0.009011296
11/5/2003,-0.004150943
11/6/2003,0.00543135
11/7/2003,-0.007035176
11/10/2003,-0.002530364
11/11/2003,-0.004312532
11/12/2003,0.005095541
11/13/2003,0.009505703
11/14/2003,-0.014061519
11/17/2003,-0.004329556
11/18/2003,-0.012533572
11/19/2003,-0.004662608
11/20/2003,-0.000650618
11/21/2003,0.009244792
11/24/2003,0.0264482
11/25/2003,-0.004901961
11/26/2003,0.001389415
11/28/2003,-0.003027245
12/1/2003,0.0326417
12/2/2003,-0.008208772
12/3/2003,0.000494132
12/4/2003,0.003827633
12/5/2003,-0.006888069
12/8/2003,0.014986376
12/9/2003,0.000854179
12/10/2003,-0.01316752
12/11/2003,0.003706449
12/12/2003,0.002831118
12/15/2003,0.006505462
12/16/2003,0.01195122
12/17/2003,0.005784526
12/18/2003,-0.000359454
12/19/2003,0.007671102
12/22/2003,0.014035922
12/23/2003,-0.007507331
12/24/2003,-0.004373006
12/26/2003,-0.000356125
12/29/2003,0.003443772
12/30/2003,-0.00260355
12/31/2003,0.008898908
1/2/2004,-0.019522521
1/5/2004,0.019071608
1/6/2004,-0.003060264
1/7/2004,-0.017237308
1/8/2004,-0.006727535
1/9/2004,-0.003386551
1/12/2004,0.00934466
1/13/2004,-0.003486834
1/14/2004,0.009893822
1/15/2004,0.007168459
1/16/2004,0.013997628
1/20/2004,-0.05931212
1/21/2004,0.016664594
1/22/2004,0.00440367
1/23/2004,-0.001826818
1/26/2004,0.006222548
1/27/2004,-0.00448648
1/28/2004,-0.025578563
1/29/2004,-0.006
1/30/2004,-0.005407445
2/2/2004,-0.013781768
2/3/2004,0.011538462
2/4/2004,0.006970849
2/5/2004,-0.00566394
2/6/2004,0.010253165
2/9/2004,-0.005262498
2/10/2004,0.023428643
2/11/2004,0.001846154
2/12/2004,-0.005159705
2/13/2004,-0.016053347
2/17/2004,0.008032129
2/18/2004,-0.008217131
2/19/2004,-0.007029877
2/20/2004,0.007585335
2/23/2004,0.009284818
2/24/2004,-0.011934361
2/25/2004,-0.011449421
2/26/2004,-0.004963727
2/27/2004,-0.002046559
3/1/2004,0.009741092
3/2/2004,-0.005965981
3/3/2004,0.008172647
3/4/2004,-0.000759975
3/5/2004,-0.002915452
3/8/2004,-0.012585812
3/9/2004,0.002317497
3/10/2004,-0.023763648
3/11/2004,-0.008552632
3/12/2004,0.011546118
3/15/2004,-0.017711887
3/16/2004,0.052624549
3/17/2004,0.009516559
3/18/2004,0.004022122
3/19/2004,-0.001502253
3/22/2004,-0.000626881
3/23/2004,-0.001380003
3/24/2004,-0.002135678
3/25/2004,0.020017626
3/26/2004,-0.012836337
3/29/2004,0.010252563
3/30/2004,0.010891089
3/31/2004,0.002326151
4/1/2004,-0.010015879
4/2/2004,0.009006786
4/5/2004,0.011861091
4/6/2004,0.000966767
4/7/2004,-0.000965834
4/8/2004,-0.003867069
4/12/2004,0.014436492
4/13/2004,-0.0147094
4/14/2004,0.003277097
4/15/2004,0.002298572
4/16/2004,0.010621605
4/19/2004,0.000358295
4/20/2004,-0.006685769
4/21/2004,0.008653846
4/22/2004,0.036105815
4/23/2004,0.010925819
4/26/2004,-0.001706485
4/27/2004,0.007179487
4/28/2004,-0.01878253
4/29/2004,-0.006918819
4/30/2004,0.004180214
5/3/2004,0.006359852
5/4/2004,-0.006089854
5/5/2004,-0.00867052
5/6/2004,-0.011428571
5/7/2004,-0.004010853
5/10/2004,-0.010541277
5/11/2004,0.007301891
5/12/2004,0.01426025
5/13/2004,-0.009841828
5/14/2004,-0.008283043
5/17/2004,-0.007039733
5/18/2004,-0.001201634
5/19/2004,-0.009744947
5/20/2004,-0.001336411
5/21/2004,0.008759124
5/24/2004,-0.004462132
5/25/2004,0.013204119
5/26/2004,0.004304161
5/27/2004,0.011309524
5/28/2004,-0.004590936
6/1/2004,0.003192999
6/2/2004,0.00919486
6/3/2004,-0.009811938
6/4/2004,0.001061696
6/7/2004,0.003770917
6/8/2004,0.011152853
6/9/2004,-0.008359457
6/10/2004,0.009483667
6/14/2004,-0.012410114
6/15/2004,0.004697592
6/16/2004,-0.003506721
6/17/2004,0.00797654
6/18/2004,0.01349936
6/21/2004,0.002181651
6/22/2004,0.02543538
6/23/2004,0.000558659
6/24/2004,-0.010831937
6/25/2004,0.000903138
6/28/2004,0.000338371
6/29/2004,0.012515503
6/30/2004,0.00233853
7/1/2004,-0.020442173
7/2/2004,-0.007598957
7/6/2004,0.000571429
7/7/2004,0.010051399
7/8/2004,-0.007802782
7/9/2004,-0.001025758
7/12/2004,0.002852253
7/13/2004,-0.005915813
7/14/2004,0.009269856
7/15/2004,0.004875836
7/16/2004,-0.008801625
7/19/2004,-0.054530965
7/20/2004,0.023479831
7/21/2004,-0.016705882
7/22/2004,0.00143575
7/23/2004,-0.012903226
7/26/2004,-0.011982571
7/27/2004,0.017395565
7/28/2004,-0.012763396
7/29/2004,0.001585559
7/30/2004,0.002922552
8/2/2004,0.014448762
8/3/2004,-0.007420706
8/4/2004,0.003014591
8/5/2004,-0.019355614
8/6/2004,-0.020840995
8/9/2004,-0.005258545
8/10/2004,0.002013845
8/11/2004,-0.00477327
8/12/2004,-0.018174934
8/13/2004,-0.001671166
8/16/2004,0.007339686
8/17/2004,0.005752269
8/18/2004,0.016776817
8/19/2004,-0.00025
8/20/2004,0.003625906
8/23/2004,0.001121216
8/24/2004,0.00273768
8/25/2004,0.007694217
8/26/2004,0.000862069
8/27/2004,0.002583979
8/30/2004,-0.002209131
8/31/2004,0.01303813
9/1/2004,0.006070908
9/2/2004,0.008206614
9/3/2004,0.004788125
9/7/2004,0.003335716
9/8/2004,-0.004393256
9/9/2004,0
9/10/2004,0.010017889
9/13/2004,-0.000472311
9/14/2004,-0.008623745
9/15/2004,-0.022878932
9/16/2004,0.000609756
9/17/2004,0.003290676
9/20/2004,-0.016763848
9/21/2004,0.007783543
9/22/2004,-0.016427608
9/23/2004,-0.019070173
9/24/2004,-0.00025413
9/27/2004,-0.012582613
9/28/2004,0.017762904
9/29/2004,-0.003667636
9/30/2004,0.015105357
10/1/2004,-0.003501313
10/4/2004,-0.009411469
10/5/2004,-0.002280213
10/6/2004,0.030218385
10/7/2004,-0.018240079
10/8/2004,-0.005021341
10/11/2004,-0.000504668
10/12/2004,-0.007447614
10/13/2004,-0.008266565
10/14/2004,-0.004873044
10/15/2004,0.004896907
10/18/2004,-0.024108746
10/19/2004,-0.009329829
10/20/2004,0.018702746
10/21/2004,0.010416667
10/22/2004,-0.022164948
10/25/2004,-0.004085398
10/26/2004,0.008601297
10/27/2004,0.017711887
10/28/2004,-0.005414464
10/29/2004,0.00544394
11/1/2004,-0.008508444
11/2/2004,-0.013392277
11/3/2004,-0.007775435
11/4/2004,0.037056714
11/5/2004,0.042520492
11/8/2004,-0.0002457
11/9/2004,-0.002334726
11/10/2004,-0.004187708
11/11/2004,0.012739641
11/12/2004,0.009770396
11/15/2004,-0.004837929
11/16/2004,-0.006198347
11/17/2004,0.005625535
11/18/2004,0.001702542
11/19/2004,-0.017239286
11/22/2004,-0.002594194
11/23/2004,-0.006192717
11/24/2004,0.000124626
11/26/2004,-0.001121495
11/29/2004,-0.001996008
11/30/2004,-0.005125
12/1/2004,0.010805378
12/2/2004,-0.006712244
12/3/2004,0.014641472
12/6/2004,-0.008756783
12/7/2004,-0.01866368
12/8/2004,0.004691264
12/9/2004,-0.00340737
12/10/2004,-0.002152716
12/13/2004,-0.004060914
12/14/2004,0.000254842
12/15/2004,0.007515924
12/16/2004,0.010241497
12/17/2004,0.009011264
12/20/2004,0.001612503
12/21/2004,0.004334365
12/22/2004,0.005055487
12/23/2004,0.012759171
12/27/2004,-0.004845548
12/28/2004,0.010225198
12/29/2004,-0.003012411
12/30/2004,0.000120861
12/31/2004,-0.008217523
1/3/2005,0.004020958
1/4/2005,-0.008131068
1/5/2005,-0.012235409
1/6/2005,0.009042487
1/7/2005,0.010311809
1/10/2005,0.019927096
1/11/2005,0.009173219
1/12/2005,0.002951245
1/13/2005,-0.013771186
1/14/2005,0.002148228
1/18/2005,-0.023222579
1/19/2005,0.001828822
1/20/2005,0.009492516
1/21/2005,-0.020253165
1/24/2005,0.004306632
1/25/2005,0.014702279
1/26/2005,0.007244627
1/27/2005,-0.006353392
1/28/2005,0.004343105
1/31/2005,0.013333333
2/1/2005,-0.003319109
2/2/2005,-0.008801142
2/3/2005,0
2/4/2005,0.00887929
2/7/2005,-0.002378687
2/8/2005,0.005484025
2/9/2005,-0.011738203
2/10/2005,0.00659868
2/11/2005,0.001668653
2/14/2005,0.006782485
2/15/2005,0.016310129
2/16/2005,0.0094197
2/17/2005,-0.012557604
2/18/2005,-0.00186676
2/22/2005,-0.017416715
2/23/2005,-0.001665477
2/24/2005,0.004170639
2/25/2005,0.003915984
2/28/2005,-0.007801418
3/1/2005,0.006314034
3/2/2005,0.001065467
3/3/2005,0.004020814
3/4/2005,0.018374558
3/7/2005,0.002891511
3/8/2005,-0.003805789
3/9/2005,-0.003009956
3/10/2005,0.006154203
3/11/2005,-0.011771495
3/14/2005,0.003153101
3/15/2005,-0.000465658
3/16/2005,0.001630561
3/17/2005,-0.000348837
3/18/2005,0.002210073
3/21/2005,-0.005687094
3/22/2005,-0.003385082
3/23/2005,-0.003630827
3/24/2005,0.002468555
3/28/2005,-0.001289869
3/29/2005,-0.006105436
3/30/2005,0.015711754
3/31/2005,-0.003372877
4/1/2005,-0.006651885
4/4/2005,-0.004934211
4/5/2005,-0.002715466
4/6/2005,0.004143483
4/7/2005,0.004008489
4/8/2005,-0.007162987
4/11/2005,-0.000946186
4/12/2005,0.009234048
4/13/2005,-0.012082111
4/14/2005,-0.021847542
4/15/2005,-0.01845108
4/18/2005,-0.061340589
4/19/2005,0.013570487
4/20/2005,-0.013388795
4/21/2005,0.02859025
4/22/2005,-0.012937108
4/25/2005,0.005839606
4/26/2005,-0.017804154
4/27/2005,0.00617365
4/28/2005,-0.017885117
4/29/2005,0.016482786
5/2/2005,0.00536158
5/3/2005,-0.001560874
5/4/2005,0.007686295
5/5/2005,0.00155139
5/6/2005,-0.001807151
5/9/2005,0.005172637
5/10/2005,-0.014408851
5/11/2005,0.004960188
5/12/2005,-0.015716327
5/13/2005,-0.002243336
5/16/2005,0.010712869
5/17/2005,0.007720492
5/18/2005,0.014154006
5/19/2005,-0.003072983
5/20/2005,-0.010274852
5/23/2005,0.019076045
5/24/2005,-0.004329556
5/25/2005,-0.014451976
5/26/2005,-0.001038152
5/27/2005,0
5/31/2005,-0.004286828
6/1/2005,0.00456621
6/2/2005,-0.005584416
6/3/2005,-0.007444169
6/6/2005,0.002105263
6/7/2005,0.002363445
6/8/2005,0.002881844
6/9/2005,-0.004963427
6/10/2005,-0.005119454
6/13/2005,0.003958306
6/14/2005,0.007491129
6/15/2005,-0.006913645
6/16/2005,0.00709313
6/17/2005,0.003260728
6/20/2005,0.00351014
6/21/2005,0
6/22/2005,0.008938982
6/23/2005,-0.025808937
6/24/2005,-0.005140372
6/27/2005,0.004107048
6/28/2005,0.017284602
6/29/2005,-0.013748379
6/30/2005,-0.04918464
7/1/2005,0.009681881
7/5/2005,0.008493151
7/6/2005,-0.01073078
7/7/2005,0.013455993
7/8/2005,0.016122477
7/11/2005,0.015066667
7/12/2005,-0.016550637
7/13/2005,0.003339121
7/14/2005,0.004126731
7/15/2005,0.000265146
7/18/2005,-0.012193506
7/19/2005,-0.00322018
7/20/2005,0.005249697
7/21/2005,-0.001740761
7/22/2005,0.002146211
7/25/2005,-0.007227948
7/26/2005,-0.005258191
7/27/2005,-0.001761995
7/28/2005,0.014256619
7/29/2005,0.004016064
8/1/2005,0.004
8/2/2005,-0.005577689
8/3/2005,-0.009214744
8/4/2005,-0.011322281
8/5/2005,-0.004907975
8/8/2005,-0.008905329
8/9/2005,-0.004700028
8/10/2005,0
8/11/2005,0.005
8/12/2005,-0.005804312
8/15/2005,0.003336113
8/16/2005,-0.007204212
8/17/2005,0.001395479
8/18/2005,0.002229654
8/19/2005,0.002085651
8/22/2005,-0.00208131
8/23/2005,-0.012931034
8/24/2005,0.004648542
8/25/2005,-0.000280426
8/26/2005,-0.004347826
8/29/2005,0.001267784
8/30/2005,-0.001406866
8/31/2005,0.002395041
9/1/2005,-0.004075896
9/2/2005,0.009031894
9/6/2005,0.016783217
9/7/2005,0.014718019
9/8/2005,-0.00881117
9/9/2005,0.00547046
9/12/2005,0.009657236
9/13/2005,-0.003098478
9/14/2005,-0.003783784
9/15/2005,-0.005561584
9/16/2005,0.000545628
9/19/2005,-0.011588275
9/20/2005,-0.002068966
9/21/2005,-0.000276434
9/22/2005,0.006497995
9/23/2005,-0.003434066
9/26/2005,0.007994487
9/27/2005,0.000683714
9/28/2005,-0.006832468
9/29/2005,0.006879472
9/30/2005,0.002459688
10/3/2005,-0.011314068
10/4/2005,-0.01420102
10/5/2005,-0.004615385
10/6/2005,-0.000843052
10/7/2005,0.008718886
10/10/2005,-0.004739997
10/11/2005,-0.011766354
10/12/2005,-0.002409639
10/13/2005,-0.00440466
10/14/2005,0.009276438
10/17/2005,0.024745475
10/18/2005,0.030909342
10/19/2005,0.012581984
10/20/2005,-0.009914078
10/21/2005,-0.000133511
10/24/2005,0.008946455
10/25/2005,0.001455797
10/26/2005,-0.006607638
10/27/2005,-0.004789145
10/28/2005,0.019115092
10/31/2005,-0.003410283
11/1/2005,-0.014740721
11/2/2005,0.003873898
11/3/2005,-0.000133067
11/4/2005,-0.000133085
11/7/2005,0.009583389
11/8/2005,0.001318392
11/9/2005,0.001843318
11/10/2005,0.014325141
11/11/2005,0.004793988
11/14/2005,0.001031593
11/15/2005,0.005539096
11/16/2005,-0.014732257
11/17/2005,0.004550774
11/18/2005,0.011648977
11/21/2005,0.013689867
11/22/2005,-0.011990408
11/23/2005,-0.001916198
11/25/2005,0.002431844
11/28/2005,-0.001532176
11/29/2005,0.001918159
11/30/2005,0.001659221
12/1/2005,0.010066259
12/2/2005,0.001639965
12/5/2005,-0.013602015
12/6/2005,-0.007916241
12/7/2005,-0.004118404
12/8/2005,-0.005686224
12/9/2005,0.011957369
12/12/2005,-0.009632674
12/13/2005,-0.002074958
12/14/2005,0.007797271
12/15/2005,-0.000773694
12/16/2005,-0.005161956
12/19/2005,0.006226489
12/20/2005,-0.001804821
12/21/2005,0.008007232
12/22/2005,0.007559257
12/23/2005,-0.000508647
12/27/2005,-0.015521628
12/28/2005,0.010597054
12/29/2005,0.001150895
12/30/2005,-0.010090688
1/3/2006,0.020774194
1/4/2006,-0.005056251
1/5/2006,-0.009147503
1/6/2006,0.00820618
1/9/2006,0.004959939
1/10/2006,-0.006200962
1/11/2006,-0.002037438
1/12/2006,-0.00854919
1/13/2006,-0.002574003
1/17/2006,-0.005290323
1/18/2006,-0.001238812
1/19/2006,-0.001097481
1/20/2006,-0.021713691
1/23/2006,0.006113769
1/24/2006,-0.019815059
1/25/2006,-0.016172507
1/26/2006,-0.004109589
1/27/2006,-0.000687758
1/30/2006,0
1/31/2006,0.001376462
2/1/2006,0.00604811
2/2/2006,-0.014209591
2/3/2006,-0.014553015
2/6/2006,0.000984529
2/7/2006,-0.007306449
2/8/2006,0.004953999
2/9/2006,0.015774648
2/10/2006,0.006794232
2/13/2006,0.004131662
2/14/2006,0.010835276
2/15/2006,-0.007734057
2/16/2006,-0.001093942
2/17/2006,0.009856263
2/21/2006,-0.007726718
2/22/2006,-0.003005464
2/23/2006,0.009180597
2/24/2006,0.00353021
2/27/2006,-0.002976593
2/28/2006,-0.001357036
3/1/2006,0.001087104
3/2/2006,-0.008415909
3/3/2006,-0.002327173
3/6/2006,-0.012760703
3/7/2006,0.004447533
3/8/2006,0.00152207
3/9/2006,-0.008013263
3/10/2006,0.00724234
3/13/2006,-0.00318031
3/14/2006,0.019975031
3/15/2006,0.006391949
3/16/2006,0.012027027
3/17/2006,-0.001335292
3/20/2006,0.002807862
3/21/2006,-0.000933333
3/22/2006,0.0152142
3/23/2006,0.009202051
3/24/2006,0.000390778
3/27/2006,0.000520833
3/28/2006,-0.00702759
3/29/2006,0.016513761
3/30/2006,-0.013408974
3/31/2006,-0.010846837
4/3/2006,0.001981768
4/4/2006,0.015295359
4/5/2006,0.005974026
4/6/2006,0.050606765
4/7/2006,-0.004300811
4/10/2006,-0.000617055
4/11/2006,-0.002346258
4/12/2006,0.003837109
4/13/2006,-0.001602959
4/17/2006,-0.00876868
4/18/2006,0.016571144
4/19/2006,0.003554357
4/20/2006,0.008793356
4/21/2006,0.029782082
4/24/2006,0.004702563
4/25/2006,-0.007605897
4/26/2006,0.008371654
4/27/2006,-0.00339102
4/28/2006,0.002346592
5/1/2006,-0.005384525
5/2/2006,-0.005531364
5/3/2006,0.016568047
5/4/2006,0.006635623
5/5/2006,0.009598705
5/8/2006,0.009507446
5/9/2006,-0.006240781
5/10/2006,0.000799269
5/11/2006,-0.005476326
5/12/2006,-0.006883102
5/15/2006,0.00635324
5/16/2006,-0.009412305
5/17/2006,-0.021784473
5/18/2006,-0.003198294
5/19/2006,0.001901367
5/22/2006,-0.006879374
5/23/2006,-0.003463514
5/24/2006,0.004554171
5/25/2006,-0.006680983
5/26/2006,0.007326447
5/30/2006,-0.004888518
5/31/2006,0.002396358
6/1/2006,0.010160172
6/2/2006,0.003194888
6/5/2006,-0.02158528
6/6/2006,-0.008318264
6/7/2006,-0.023340627
6/8/2006,0.017550411
6/9/2006,-0.012844037
6/12/2006,-0.00669145
6/13/2006,-0.00249501
6/14/2006,-0.000750375
6/15/2006,0.012515645
6/16/2006,-0.004820766
6/19/2006,-0.013414483
6/20/2006,0.005791263
6/21/2006,0.006383778
6/22/2006,-0.010074627
6/23/2006,0.00414625
6/26/2006,0.003628629
6/27/2006,-0.018825583
6/28/2006,0.007369759
6/29/2006,0.023587286
6/30/2006,-0.004682686
7/3/2006,0.004333292
7/5/2006,-0.007026627
7/6/2006,0.010428305
7/7/2006,-0.089568743
7/10/2006,-0.013360324
7/11/2006,-0.00027356
7/12/2006,-0.005062252
7/13/2006,-0.014988999
7/14/2006,-0.005723859
7/17/2006,-0.00786296
7/18/2006,0.002688933
7/19/2006,0.002399435
7/20/2006,0.001126443
7/21/2006,-0.005344585
7/24/2006,0.013716063
7/25/2006,-0.04993723
7/26/2006,0.013948025
7/27/2006,0.009991312
7/28/2006,0.011039427
7/31/2006,-0.001701645
8/1/2006,-0.006960227
8/2/2006,-0.004291232
8/3/2006,-0.004740698
8/4/2006,0.002453811
8/7/2006,-0.006479482
8/8/2006,-0.006376812
8/9/2006,-0.003792299
8/10/2006,0.001610542
8/11/2006,0.00175413
8/14/2006,0.001313293
8/15/2006,0.016904693
8/16/2006,0.014474061
8/17/2006,0.005791778
8/18/2006,0.000140449
8/21/2006,-0.001263867
8/22/2006,0.002390326
8/23/2006,-0.013325852
8/24/2006,-0.003411999
8/25/2006,-0.00256776
8/28/2006,0.014588101
8/29/2006,0.009444601
8/30/2006,-0.00237397
8/31/2006,0.003639418
9/1/2006,0.00027894
9/5/2006,-0.005158951
9/6/2006,0.002102313
9/7/2006,-0.012727273
9/8/2006,0.013033008
9/11/2006,-0.002237449
9/12/2006,0.017098809
9/13/2006,0.011023839
9/14/2006,0.002180728
9/15/2006,0.008295934
9/18/2006,-0.003371999
9/19/2006,-0.008661524
9/20/2006,0.002320819
9/21/2006,-0.004222283
9/22/2006,-0.000547121
9/25/2006,0.008621869
9/26/2006,0.014246947
9/27/2006,-0.001337793
9/28/2006,-0.000669792
9/29/2006,-0.002412869
10/2/2006,-0.011152916
10/3/2006,0.005979073
10/4/2006,0.011346751
10/5/2006,0.014024309
10/6/2006,0.000395153
10/9/2006,-0.001974984
10/10/2006,-0.007915567
10/11/2006,0.003590426
10/12/2006,-0.000530012
10/13/2006,-0.00039772
10/16/2006,0.00464191
10/17/2006,0.000660066
10/18/2006,-0.003562005
10/19/2006,0.011518602
10/20/2006,0.027094241
10/23/2006,0.020644832
10/24/2006,-0.002497191
10/25/2006,-0.005382401
10/26/2006,-0.002768689
10/27/2006,-0.003659768
10/30/2006,-0.000126662
10/31/2006,-0.001266785
11/1/2006,0
11/2/2006,0.000507357
11/3/2006,-0.003803245
11/6/2006,0.012853143
11/7/2006,-0.002135947
11/8/2006,0
11/9/2006,-0.006547469
11/10/2006,0.003675539
11/13/2006,0.003914636
11/14/2006,0.007421384
11/15/2006,0.007741291
11/16/2006,-0.005203816
11/17/2006,0.013824885
11/20/2006,-0.005896806
11/21/2006,0.008897677
11/22/2006,-0.002082313
11/24/2006,-0.003927826
11/27/2006,-0.01133703
11/28/2006,0.00224355
11/29/2006,0.007088671
11/30/2006,0.005927389
12/1/2006,-0.018168426
12/4/2006,0.011377844
12/5/2006,-0.004079614
12/6/2006,-0.009433962
12/7/2006,-0.003007519
12/8/2006,-0.01256913
12/11/2006,0.003691446
12/12/2006,0.002029169
12/13/2006,0.00303759
12/14/2006,-0.006056782
12/15/2006,-0.005839787
12/18/2006,0.00051079
12/19/2006,-0.003063178
12/20/2006,0.00921777
12/21/2006,-0.000253711
12/22/2006,-0.005836823
12/26/2006,-0.004084237
12/27/2006,0.005638857
12/28/2006,-0.003950554
12/29/2006,-0.002942682
1/3/2007,0.004234569
1/4/2007,-0.003961155
1/5/2007,-0.00679923
1/8/2007,0.002195815
1/9/2007,0.001159943
1/10/2007,0.002188465
1/11/2007,0.010276172
1/12/2007,0.009027336
1/16/2007,0.002520161
1/17/2007,-0.008169935
1/18/2007,-0.001267267
1/19/2007,0.005583048
1/22/2007,-0.009589905
1/23/2007,0.004586572
1/24/2007,0.008116677
1/25/2007,-0.006038495
1/26/2007,-0.00405012
1/29/2007,0.003431186
1/30/2007,-0.053951368
1/31/2007,-0.005354752
2/1/2007,-0.004172275
2/2/2007,-0.001621841
2/5/2007,0.000812238
2/6/2007,0.004598945
2/7/2007,0.005116467
2/8/2007,-0.000133958
2/9/2007,-0.001339764
2/12/2007,0.000670781
2/13/2007,0.024668186
2/14/2007,0.005364386
2/15/2007,0.000910984
2/16/2007,-0.000910155
2/20/2007,-0.009630401
2/21/2007,0.001708279
2/22/2007,0.001574183
2/23/2007,-0.001833661
2/26/2007,-0.001180947
2/27/2007,-0.021282186
2/28/2007,-0.005637584
3/1/2007,-0.005669546
3/2/2007,-0.008824328
3/5/2007,0.002191481
3/6/2007,0.004100041
3/7/2007,0.004491629
3/8/2007,0.009756098
3/9/2007,0.002818035
3/12/2007,0.005887863
3/13/2007,-0.005321272
3/14/2007,0.013775578
3/15/2007,0.002506596
3/16/2007,-0.009343335
3/19/2007,0.01434644
3/20/2007,0.000261917
3/21/2007,0.006808065
3/22/2007,0.011443433
3/23/2007,0.002442787
3/26/2007,-0.007567013
3/27/2007,-0.00271388
3/28/2007,-0.010237139
3/29/2007,-0.003796805
3/30/2007,0.004468393
4/2/2007,-0.00196258
4/3/2007,0.015469324
4/4/2007,-0.003872967
4/5/2007,-0.005313634
4/9/2007,0.001042345
4/10/2007,-0.004295197
4/11/2007,-0.003529412
4/12/2007,0.006296734
4/13/2007,0.000130361
4/16/2007,0.005735141
4/17/2007,0.00155521
4/18/2007,-0.002587992
4/19/2007,0.006486767
4/20/2007,0.002191286
4/23/2007,-0.006045016
4/24/2007,-0.003623188
4/25/2007,-0.00038961
4/26/2007,0.04521242
4/27/2007,0.013673089
4/30/2007,0.014960147
5/1/2007,0.010148605
5/2/2007,0.009687836
5/3/2007,-0.004145937
5/4/2007,0.001665279
5/7/2007,0.008550053
5/8/2007,-0.00176616
5/9/2007,0.006841236
5/10/2007,-0.008317713
5/11/2007,0.010632014
5/14/2007,-0.008416131
5/15/2007,0.015796298
5/16/2007,-0.001856795
5/17/2007,0.007673526
5/18/2007,0.002653744
5/21/2007,0.001841197
5/22/2007,0.008270159
5/23/2007,0.001822739
5/24/2007,-0.008983398
5/25/2007,0.002294894
5/29/2007,-0.000457928
5/30/2007,0.007101134
5/31/2007,0.00034118
6/1/2007,0.005343338
6/4/2007,-0.004071017
6/5/2007,-0.006926309
6/6/2007,-0.009604391
6/7/2007,-0.02008774
6/8/2007,0.012488219
6/11/2007,-0.007447056
6/12/2007,-0.003048066
6/13/2007,0.02528222
6/14/2007,0.002637917
6/15/2007,0.002859757
6/18/2007,-0.000570321
6/19/2007,0.002282584
6/20/2007,-0.008426327
6/21/2007,0.003789619
6/22/2007,-0.011211532
6/25/2007,-0.00208261
6/26/2007,-0.001971014
6/27/2007,0.012197955
6/28/2007,-0.003213589
6/29/2007,-0.000690846
7/2/2007,0.013941698
7/3/2007,-0.000681818
7/5/2007,-0.00204685
7/6/2007,0.003988149
7/9/2007,0
7/10/2007,-0.01010101
7/11/2007,0.007567072
7/12/2007,0.023327264
7/13/2007,0.00322473
7/16/2007,0.007204611
7/17/2007,0.002310994
7/18/2007,0.004391744
7/19/2007,-0.003388719
7/20/2007,-0.01052978
7/23/2007,0.007316262
7/24/2007,-0.012985584
7/25/2007,-0.000780466
7/26/2007,0.004798036
7/27/2007,0
7/30/2007,0.001443642
7/31/2007,-0.013972056
8/1/2007,0.00168691
8/2/2007,0.000561356
8/3/2007,-0.017504488
8/6/2007,0.002398355
8/7/2007,0.002962288
8/8/2007,0.001363172
8/9/2007,-0.014634146
8/10/2007,-0.010246373
8/13/2007,0.00325695
8/14/2007,-0.005681159
8/15/2007,-0.008162313
8/16/2007,0.003997178
8/17/2007,0.028454333
8/20/2007,0.005009678
8/21/2007,0.002152487
8/22/2007,0.006895772
8/23/2007,-0.00359268
8/24/2007,0.004507042
8/27/2007,-0.005047672
8/28/2007,-0.012175874
8/29/2007,0.013010728
8/30/2007,0.006759802
8/31/2007,0.018240824
9/4/2007,0.001758435
9/5/2007,-0.01349424
9/6/2007,0.007895907
9/7/2007,-0.018867925
9/10/2007,-0.01237067
9/11/2007,0.00478251
9/12/2007,0.009519492
9/13/2007,0.000112259
9/14/2007,-0.000785722
9/17/2007,-0.001011009
9/18/2007,0.030698302
9/19/2007,0.003272965
9/20/2007,-0.005654632
9/21/2007,0.002624672
9/24/2007,0.001417976
9/25/2007,0.001089206
9/26/2007,0.006854532
9/27/2007,0.009185217
9/28/2007,0.002034479
10/1/2007,0.012395811
10/2/2007,-0.008971923
10/3/2007,0.003195228
10/4/2007,0.00063701
10/5/2007,0.016976127
10/8/2007,-0.004590506
10/9/2007,0.002201027
10/10/2007,0.002091613
10/11/2007,-0.015236903
10/12/2007,-0.002013565
10/15/2007,0.0023362
10/16/2007,-0.00434368
10/17/2007,0.002979357
10/18/2007,0.004986208
10/19/2007,-0.085611739
10/22/2007,-0.00392519
10/23/2007,-0.00405656
10/24/2007,0.001978354
10/25/2007,-0.000116144
10/26/2007,0.00046463
10/29/2007,-0.001857657
10/30/2007,-0.002093754
10/31/2007,0.006644131
11/1/2007,-0.02848541
11/2/2007,0.011799762
11/5/2007,0.001884792
11/6/2007,0.004703116
11/7/2007,-0.025511995
11/8/2007,-0.005284016
11/9/2007,-0.040082096
11/12/2007,-0.00364734
11/13/2007,0.025372381
11/14/2007,-0.012556937
11/15/2007,-0.006981673
11/16/2007,0.024105461
11/19/2007,0.001593723
11/20/2007,0.00501836
11/21/2007,-0.010595543
11/23/2007,0.018586903
11/26/2007,-0.021148036
11/27/2007,0.01382716
11/28/2007,0.015708719
11/29/2007,0.002397794
11/30/2007,-0.004186102
12/3/2007,-0.012611098
12/4/2007,-0.001459676
12/5/2007,0.020343525
12/6/2007,0.012655205
12/7/2007,0.016151851
12/10/2007,0.006381251
12/11/2007,-0.024094997
12/12/2007,0.023744832
12/13/2007,0.003000231
12/14/2007,-0.011389784
12/17/2007,-0.001745607
12/18/2007,0.000816041
12/19/2007,-0.010716366
12/20/2007,-0.005180737
12/21/2007,0.018463724
12/24/2007,0.002440442
12/26/2007,-0.002202643
12/27/2007,-0.007784362
12/28/2007,-0.003629977
12/31/2007,-0.009049242
1/2/2008,-0.019093928
1/3/2008,-0.000120904
1/4/2008,-0.011366385
1/7/2008,-0.007950098
1/8/2008,-0.011096042
1/9/2008,-0.000249345
1/10/2008,0.000249408
1/11/2008,-0.032788929
1/14/2008,0.011858726
1/15/2008,-0.016815287
1/16/2008,0.001554807
1/17/2008,-0.030271669
1/18/2008,-0.000667022
1/22/2008,0.003337338
1/23/2008,0.012506652
1/24/2008,-0.004862024
1/25/2008,-0.002905057
1/28/2008,0.025559529
1/29/2008,0.007489669
1/30/2008,0.002563445
1/31/2008,0.018281769
2/1/2008,0.019585687
2/4/2008,-0.007880803
2/5/2008,-0.01836912
2/6/2008,0.001137944
2/7/2008,-0.000757767
2/8/2008,-0.007077856
2/11/2008,0.009164969
2/12/2008,-0.002270434
2/13/2008,0.028824273
2/14/2008,-0.013393954
2/15/2008,-0.004234649
2/19/2008,-0.001250782
2/20/2008,0.001127113
2/21/2008,-0.012259194
2/22/2008,0.008991895
2/25/2008,0.016693862
2/26/2008,0.003580247
2/27/2008,-0.009964325
2/28/2008,-0.008449304
2/29/2008,-0.01754386
3/3/2008,0.001147959
3/4/2008,-0.001019238
3/5/2008,0.006631807
3/6/2008,-0.012416065
3/7/2008,-0.01847338
3/10/2008,-0.013462293
3/11/2008,0.0327239
3/12/2008,0.006029506
3/13/2008,0.00841622
3/14/2008,-0.019600405
3/17/2008,0.012640268
3/18/2008,0.031078843
3/19/2008,-0.018282891
3/20/2008,-0.018749214
3/24/2008,0.008463709
3/25/2008,0.004323499
3/26/2008,-0.004051659
3/27/2008,-0.010170353
3/28/2008,0.001155921
3/31/2008,0.015394484
4/1/2008,0.027416298
4/2/2008,-0.00504181
4/3/2008,-0.009145965
4/4/2008,0.004365723
4/7/2008,-0.004098361
4/8/2008,-0.003865819
4/9/2008,-0.003630446
4/10/2008,0.009548938
4/11/2008,-0.023397635
4/14/2008,-0.002676182
4/15/2008,0.007411193
4/16/2008,0.023465246
4/17/2008,-0.000495724
4/18/2008,0.027898326
4/21/2008,-0.006755127
4/22/2008,-0.014087928
4/23/2008,-0.006775068
4/24/2008,-0.018603497
4/25/2008,-0.016555036
4/28/2008,-0.008866615
4/29/2008,-0.003500583
4/30/2008,0.000520427
5/1/2008,0.012223667
5/2/2008,0.009121274
5/5/2008,-0.012730745
5/6/2008,0.00270793
5/7/2008,-0.013888889
5/8/2008,0.003521127
5/9/2008,-0.008187135
5/12/2008,0.017688679
5/13/2008,-0.006308742
5/14/2008,0.007126198
5/15/2008,0.001672456
5/16/2008,0.010274852
5/19/2008,0.004958047
5/20/2008,-0.019228336
5/21/2008,-0.018186508
5/22/2008,0.006831319
5/23/2008,-0.010829854
5/27/2008,0.004748714
5/28/2008,0.009583826
5/29/2008,0.011183355
5/30/2008,-0.002572016
6/2/2008,-0.01689015
6/3/2008,-0.000262295
6/4/2008,0.001705365
6/5/2008,0.014929282
6/6/2008,-0.034064516
6/9/2008,0.012823938
6/10/2008,0.002374044
6/11/2008,-0.009605263
6/12/2008,0.003719942
6/13/2008,0.007544672
6/16/2008,-0.01208618
6/17/2008,-0.003058511
6/18/2008,-0.008936908
6/19/2008,-0.002422611
6/20/2008,-0.014840799
6/23/2008,-0.000821693
6/24/2008,-0.007264254
6/25/2008,0.001932901
6/26/2008,-0.031831335
6/27/2008,-0.010674637
6/30/2008,0.001150914
7/1/2008,0.002730277
7/2/2008,-0.01862998
7/3/2008,0.014310748
7/7/2008,0.005614742
7/8/2008,0.016893343
7/9/2008,-0.033647754
7/10/2008,0.004079254
7/11/2008,-0.002901915
7/14/2008,0.004365541
7/15/2008,-0.019269777
7/16/2008,0.014034569
7/17/2008,0.011800699
7/18/2008,-0.007343413
7/21/2008,-0.003046127
7/22/2008,0.022843009
7/23/2008,0.007112376
7/24/2008,0.003531073
7/25/2008,-0.00140746
7/28/2008,-0.018604651
7/29/2008,0.012350998
7/30/2008,0.011490992
7/31/2008,-0.012762973
8/1/2008,-0.003409575
8/4/2008,-0.005702067
8/5/2008,0.030537634
8/6/2008,-0.000973845
8/7/2008,-0.008773151
8/8/2008,0.032312447
8/11/2008,0.012248231
8/12/2008,-0.01048669
8/13/2008,-0.008695652
8/14/2008,0.001096491
8/15/2008,0.006161008
8/18/2008,-0.014151585
8/19/2008,-0.01573499
8/20/2008,-0.008694433
8/21/2008,0.00311218
8/22/2008,0.019320265
8/25/2008,-0.021444383
8/26/2008,-0.000141383
8/27/2008,0
8/28/2008,0.025169683
8/29/2008,-0.012413793
9/2/2008,-0.006703911
9/3/2008,-0.004077615
9/4/2008,-0.015388959
9/5/2008,-0.007886435
9/8/2008,0.028761382
9/9/2008,-0.02430458
9/10/2008,-0.011087113
9/11/2008,0.018345952
9/12/2008,0.003002574
9/15/2008,-0.018104063
9/16/2008,0.012340302
9/17/2008,-0.012620106
9/18/2008,0.023965142
9/19/2008,0.030921986
9/22/2008,-0.027242708
9/23/2008,-0.024045262
9/24/2008,-0.006231884
9/25/2008,0.016917019
9/26/2008,-0.004015488
9/29/2008,-0.045068395
9/30/2008,0.030006031
10/1/2008,-0.013468013
10/2/2008,-0.026561804
10/3/2008,-0.015243902
10/6/2008,-0.024767802
10/7/2008,-0.048095238
10/8/2008,-0.043355011
10/9/2008,-0.067456859
10/10/2008,0.014205607
10/13/2008,0.098783634
10/14/2008,-0.004193224
10/15/2008,-0.078996126
10/16/2008,0.047366496
10/17/2008,-0.013619696
10/20/2008,0.018056293
10/21/2008,0.043992349
10/22/2008,-0.030812791
10/23/2008,0.057570029
10/24/2008,-0.031361716
10/27/2008,0.012749539
10/28/2008,0.065264204
10/29/2008,-0.028144923
10/30/2008,0.0008
10/31/2008,0.027977618
11/3/2008,-0.002954899
11/4/2008,0.023397286
11/5/2008,-0.016613321
11/6/2008,-0.033477991
11/7/2008,0.039608724
11/10/2008,0.001850995
11/11/2008,-0.039568899
11/12/2008,-0.047130491
11/13/2008,0.083950202
11/14/2008,-0.021263387
11/17/2008,-0.035838884
11/18/2008,0.022532895
11/19/2008,-0.054688757
11/20/2008,-0.033690658
11/21/2008,0.07941539
11/24/2008,0.031973899
11/25/2008,0.006006955
11/26/2008,0.03566939
11/28/2008,0.015475649
12/1/2008,-0.068429703
12/2/2008,-0.023897354
12/3/2008,-0.002464673
12/4/2008,-0.025860649
12/5/2008,0.012005411
12/8/2008,-0.041269841
12/9/2008,-0.02143604
12/10/2008,0.024398931
12/11/2008,-0.041376912
12/12/2008,0.016322089
12/15/2008,-0.007316203
12/16/2008,0.048355204
12/17/2008,0.004458162
12/18/2008,-0.031922158
12/19/2008,-0.001587022
12/22/2008,-0.004415401
12/23/2008,-0.016498137
12/24/2008,0.001082251
12/26/2008,0.004324324
12/29/2008,-0.006637962
12/30/2008,0.032508579
12/31/2008,0.006471926
1/2/2009,0.028675704
1/5/2009,-0.011657375
1/6/2009,0.011794872
1/7/2009,-0.018922115
1/8/2009,0.008782504
1/9/2009,-0.014339365
1/12/2009,-0.011430551
1/13/2009,-0.014540995
1/14/2009,-0.021511111
1/15/2009,0.002361919
1/16/2009,0.022657241
1/20/2009,-0.044310528
1/21/2009,0.005934718
1/22/2009,-0.003318584
1/23/2009,-0.02145764
1/26/2009,0.012476371
1/27/2009,0.008028379
1/28/2009,0.026486386
1/29/2009,0.020389751
1/30/2009,-0.048806366
2/2/2009,-0.058932887
2/3/2009,0.020150138
2/4/2009,-0.015491867
2/5/2009,0.013965382
2/6/2009,0.016294859
2/9/2009,0.032830693
2/10/2009,-0.055997043
2/11/2009,0.004111198
2/12/2009,-0.025736011
2/13/2009,-0.011006604
2/17/2009,-0.040469446
2/18/2009,-0.005904682
2/19/2009,-0.001484938
2/20/2009,0.003824092
2/23/2009,-0.038941799
2/24/2009,0.043822946
2/25/2009,-0.016666667
2/26/2009,-0.006007295
2/27/2009,-0.018778329
3/2/2009,-0.057633084
3/3/2009,0.006535948
3/4/2009,0.039424861
3/5/2009,-0.051539491
3/6/2009,-0.015996236
3/9/2009,0.005737509
3/10/2009,0.081293083
3/11/2009,0.028797538
3/12/2009,0.025641026
3/13/2009,0
3/16/2009,-0.011041667
3/17/2009,0.027175058
3/18/2009,0.00902379
3/19/2009,-0.035162602
3/20/2009,-0.032441542
3/23/2009,0.073807969
3/24/2009,-0.021492295
3/25/2009,0.015748031
3/26/2009,0.041003672
3/27/2009,-0.013717421
3/30/2009,-0.033379694
3/31/2009,0.021993834
4/1/2009,0.018704747
4/2/2009,0.029220138
4/3/2009,-0.000383656
4/6/2009,-0.000575705
4/7/2009,-0.024577573
4/8/2009,0.011417323
4/9/2009,0.034059946
4/13/2009,0.004140787
4/14/2009,-0.007685098
4/15/2009,0.014922554
4/16/2009,0.019169924
4/17/2009,-0.01734843
4/20/2009,-0.034194388
4/21/2009,0.025399269
4/22/2009,-0.004316007
4/23/2009,0.021673577
4/24/2009,0.051466519
4/27/2009,0.006140351
4/28/2009,-0.013949433
4/29/2009,0.017152962
4/30/2009,0.001390821
5/1/2009,0.004861111
5/4/2009,0.010366275
5/5/2009,-0.000854993
5/6/2009,0.012151292
5/7/2009,-0.006256341
5/8/2009,0.022460439
5/11/2009,-0.01630887
5/12/2009,0.007105397
5/13/2009,-0.043507475
5/14/2009,0.017562346
5/15/2009,-0.000345185
5/18/2009,0.022617403
5/19/2009,-0.003883167
5/20/2009,-0.013559322
5/21/2009,-0.028350515
5/22/2009,-0.008488064
5/26/2009,0.032816123
5/27/2009,-0.032291487
5/28/2009,0.009100642
5/29/2009,0.009725906
6/1/2009,0.038353765
6/2/2009,0.011300388
6/3/2009,-0.007671781
6/4/2009,0.005882353
6/5/2009,0.018212197
6/8/2009,-0.004102396
6/9/2009,-0.005767013
6/10/2009,0.001988731
6/11/2009,0.001984783
6/12/2009,0.006932981
6/15/2009,-0.027704918
6/16/2009,-0.015174507
6/17/2009,0.010785824
6/18/2009,0.004573171
6/19/2009,0.001011634
6/22/2009,-0.032002695
6/23/2009,-0.007134157
6/24/2009,0.007360673
6/25/2009,0.024704245
6/26/2009,0.006112054
6/29/2009,0.011812352
6/30/2009,0.00233489
7/1/2009,0.010648918
7/2/2009,-0.008725716
7/6/2009,0.007639927
7/7/2009,-0.031481787
7/8/2009,0.004424779
7/9/2009,0.001186039
7/10/2009,0.011846336
7/13/2009,0.011707643
7/14/2009,0.002314432
7/15/2009,0.022596075
7/16/2009,0.022580645
7/17/2009,-0.007570978
7/20/2009,0.014621742
7/21/2009,0.005639098
7/22/2009,0.007320872
7/23/2009,0.073604453
7/24/2009,-0.00014403
7/27/2009,0.007058485
7/28/2009,-0.000429123
7/29/2009,-0.016599886
7/30/2009,0.017171129
7/31/2009,0.008869814
8/3/2009,0.022972206
8/4/2009,-0.001524813
8/5/2009,-0.002776621
8/6/2009,0.007935403
8/7/2009,0.006906077
8/10/2009,-0.027297668
8/11/2009,0.006064025
8/12/2009,0.013877208
8/13/2009,0.003732891
8/14/2009,-0.017630854
8/17/2009,-0.017386427
8/18/2009,0.00385274
8/19/2009,0.006254442
8/20/2009,0.006215567
8/21/2009,0.01979503
8/24/2009,-0.001101322
8/25/2009,0.001653804
8/26/2009,-0.017336269
8/27/2009,0.002940353
8/28/2009,0.004048583
8/31/2009,0.002502781
9/1/2009,-0.027461859
9/2/2009,0.006560183
9/3/2009,0.006234061
9/4/2009,0.004646578
9/8/2009,0.004765242
9/9/2009,0.020783931
9/10/2009,0.016534572
9/11/2009,-0.00524264
9/14/2009,0.007567568
9/15/2009,0.001609442
9/16/2009,0.009373326
9/17/2009,-0.006500398
9/18/2009,-0.003605288
9/21/2009,-0.001072099
9/22/2009,0.005768715
9/23/2009,-0.007336268
9/24/2009,-0.004299919
9/25/2009,-0.004048583
9/28/2009,0.016395664
9/29/2009,-0.014264765
9/30/2009,-0.001893427
10/1/2009,-0.016937669
10/2/2009,-0.00854583
10/5/2009,0.015153622
10/6/2009,0.012462339
10/7/2009,-0.010685784
10/8/2009,0.019004649
10/9/2009,0.002683483
10/12/2009,0.002007226
10/13/2009,-0.003071581
10/14/2009,0.025720027
10/15/2009,0.002611989
10/16/2009,-0.009769441
10/19/2009,0.00394633
10/20/2009,-0.004848008
10/21/2009,0.005003292
10/22/2009,0.032228482
10/23/2009,-0.012311207
10/26/2009,-0.012850167
10/27/2009,-0.010674304
10/28/2009,-0.020263158
10/29/2009,0.01369863
10/30/2009,-0.025304716
11/2/2009,0.009650673
11/3/2009,-0.002961766
11/4/2009,0.000135026
11/5/2009,0.018766032
11/6/2009,-0.000662603
11/9/2009,0.023736905
11/10/2009,0.010233161
11/11/2009,-0.000384665
11/12/2009,-0.009620318
11/13/2009,0.001424686
11/16/2009,0.009053285
11/17/2009,0.009741092
11/18/2009,-0.012439706
11/19/2009,-0.007069409
11/20/2009,-0.00789644
11/23/2009,0.014222338
11/24/2009,-0.001543805
11/25/2009,0.003865481
11/27/2009,-0.014888974
11/30/2009,0.008990228
12/1/2009,0.015366736
12/2/2009,-0.002797914
12/3/2009,-0.016069379
12/4/2009,0.014128321
12/7/2009,-0.004217791
12/8/2009,-0.010268258
12/9/2009,0.03410712
12/10/2009,0.011788312
12/11/2009,0.013262271
12/14/2009,0.001957187
12/15/2009,0.009644732
12/16/2009,-0.01185006
12/17/2009,-0.015296133
12/18/2009,0.006213496
12/21/2009,0.005681116
12/22/2009,0.006508658
12/23/2009,0.002806247
12/24/2009,0.004380095
12/28/2009,0.010902483
12/29/2009,0.008148592
12/30/2009,-0.002733864
12/31/2009,-0.01466031
1/4/2010,0.0042337
1/5/2010,-0.006263551
1/6/2010,0.014181818
1/7/2010,0.000717103
1/8/2010,0.007046459
1/11/2010,-0.004032258
1/12/2010,0.000833532
1/13/2010,-0.003212374
1/14/2010,-0.003342086
1/15/2010,-0.001556886
1/19/2010,0.020990764
1/20/2010,-0.004699248
1/21/2010,-0.023843248
1/22/2010,-0.014752116
1/25/2010,0.004295533
1/26/2010,-0.002444091
1/27/2010,0.008207767
1/28/2010,-0.018833536
1/29/2010,-0.003219814
2/1/2010,-0.000621195
2/2/2010,-0.000124316
2/3/2010,0.013303494
2/4/2010,-0.02809816
2/5/2010,-0.008458528
2/8/2010,-0.012859689
2/9/2010,0.015348897
2/10/2010,-0.001270325
2/11/2010,0.020987026
2/12/2010,-0.01357917
2/16/2010,0.009598383
2/17/2010,0.002501876
2/18/2010,0.012103818
2/19/2010,0.005054864
2/22/2010,-0.01030422
2/23/2010,-0.012022806
2/24/2010,0.004516372
2/25/2010,-0.004121394
2/26/2010,0.005141711
3/1/2010,0.005364941
3/2/2010,0.006825515
3/3/2010,-0.001602367
3/4/2010,0.000246914
3/5/2010,0.017526537
3/8/2010,-0.013706938
3/9/2010,0.008363055
3/10/2010,-0.005244542
3/11/2010,-0.003678274
3/12/2010,0.001476741
3/15/2010,-0.001474564
3/16/2010,0.004922471
3/17/2010,0.006367867
3/18/2010,0.018130932
3/19/2010,-0.020437433
3/22/2010,-0.001464129
3/23/2010,0.006231672
3/24/2010,-0.008986035
3/25/2010,-0.008332312
3/26/2010,0.000864945
3/29/2010,0.004444444
3/30/2010,0.035889872
3/31/2010,-0.0084243
4/1/2010,0.003350485
4/5/2010,0.00405486
4/6/2010,0.001900463
4/7/2010,-0.008180202
4/8/2010,-0.008486732
4/9/2010,0.006509946
4/12/2010,-0.002515271
4/13/2010,0.007925072
4/14/2010,0.005360972
4/15/2010,0.007228345
4/16/2010,-0.014588235
4/19/2010,0.001671442
4/20/2010,0.016328963
4/21/2010,0.005042805
4/22/2010,0.004084014
4/23/2010,0.00615921
4/26/2010,0.00993301
4/27/2010,0.006061299
4/28/2010,0.003069228
4/29/2010,0.012352675
4/30/2010,-0.007388335
5/3/2010,0.01285666
5/4/2010,-0.023716735
5/5/2010,-0.012431569
5/6/2010,-0.027139393
5/7/2010,-0.019112061
5/10/2010,0.040421155
5/11/2010,-0.010817727
5/12/2010,0.016462841
5/13/2010,-0.00983341
5/14/2010,-0.010632083
5/17/2010,0
5/18/2010,-0.007794048
5/19/2010,-0.017614854
5/20/2010,-0.035861401
5/21/2010,0.014073888
5/24/2010,-0.013754647
5/25/2010,-0.001507727
5/26/2010,-0.003775009
5/27/2010,0.028546166
5/28/2010,-0.026034631
6/1/2010,-0.015634851
6/2/2010,0.008582042
6/3/2010,-0.00508001
6/4/2010,-0.028593311
6/7/2010,-0.017871222
6/8/2010,0.002408349
6/9/2010,-0.001735184
6/10/2010,0.035298837
6/11/2010,0.011235955
6/14/2010,-0.002043423
6/15/2010,0.020859995
6/16/2010,0.013915006
6/17/2010,0.001854599
6/18/2010,0.001851166
6/21/2010,0.003572308
6/22/2010,-0.017675218
6/23/2010,0.001124578
6/24/2010,-0.024213679
6/25/2010,0.009209517
6/28/2010,0.001013942
6/29/2010,-0.006204102
6/30/2010,0.006370238
7/1/2010,-0.005570325
7/2/2010,-0.011203055
7/6/2010,0.006051242
7/7/2010,0.030458152
7/8/2010,0.008693492
7/9/2010,0.011573504
7/12/2010,0.001217137
7/13/2010,0.015681984
7/14/2010,-0.00598444
7/15/2010,0.000120409
7/16/2010,-0.025403323
7/19/2010,0.003335392
7/20/2010,0.011942871
7/21/2010,0.001338362
7/22/2010,0.029769137
7/23/2010,0.016755162
7/26/2010,0.013345712
7/27/2010,-0.005955108
7/28/2010,-0.001267281
7/29/2010,-0.004037375
7/30/2010,-0.009265694
8/2/2010,0.021861118
8/3/2010,-0.002288068
8/4/2010,0.009058594
8/5/2010,-0.003181818
8/6/2010,-0.004901961
8/9/2010,0.008477489
8/10/2010,-0.010450983
8/11/2010,-0.034554012
8/12/2010,-0.001070155
8/13/2010,0
8/16/2010,-0.00690394
8/17/2010,0.007910823
8/18/2010,-0.00570817
8/19/2010,-0.021528525
8/20/2010,-0.014056961
8/23/2010,0.005207042
8/24/2010,-0.007770104
8/25/2010,0.003729024
8/26/2010,-0.012012384
8/27/2010,0.015292053
8/30/2010,-0.016666667
8/31/2010,-0.013810421
9/1/2010,0.031317632
9/2/2010,0.010615973
9/3/2010,0.019665323
9/7/2010,-0.016051749
9/8/2010,0.007426345
9/9/2010,0.002537764
9/10/2010,0.011812922
9/13/2010,0.01096021
9/14/2010,-0.002710346
9/15/2010,-0.000590807
9/16/2010,0.004374557
9/17/2010,0.013184226
9/20/2010,0.015568723
9/21/2010,-0.009838691
9/22/2010,0.000924321
9/23/2010,-0.01269768
9/24/2010,0.01671928
9/27/2010,-0.008854646
9/28/2010,0.009861933
9/29/2010,0.001493566
9/30/2010,-0.005277045
10/1/2010,0.010494753
10/4/2010,-0.010499886
10/5/2010,0.024913495
10/6/2010,0.011591267
10/7/2010,-0.011013461
10/8/2010,0.002924634
10/11/2010,-0.010206371
10/12/2010,-0.001133144
10/13/2010,0.011230856
10/14/2010,-0.000785282
10/15/2010,0.000785899
10/18/2010,0.00583352
10/19/2010,-0.012380103
10/20/2010,0.01038961
10/21/2010,0.012071085
10/22/2010,-0.001214798
10/25/2010,0.005086245
10/26/2010,-0.004730473
10/27/2010,-0.001105339
10/28/2010,-0.058647781
10/29/2010,-0.009991771
11/1/2010,-0.002849679
11/2/2010,0.00976423
11/3/2010,0.005896226
11/4/2010,0.020398593
11/5/2010,-0.008042279
11/8/2010,-0.005559416
11/9/2010,-0.006522246
11/10/2010,0.011137163
11/11/2010,0.002898551
11/12/2010,-0.00300578
11/15/2010,-0.000463822
11/16/2010,-0.022737819
11/17/2010,-0.003442545
11/18/2010,0.019058964
11/19/2010,-0.006312098
11/22/2010,-0.001293965
11/23/2010,-0.015429918
11/24/2010,0.012800574
11/26/2010,-0.003071108
11/29/2010,-0.002132701
11/30/2010,-0.002849679
12/1/2010,0.024648726
12/2/2010,0.005345729
12/3/2010,0.004970524
12/6/2010,-0.000690131
12/7/2010,-0.030962247
12/8/2010,0.005820169
12/9/2010,-0.006731223
12/10/2010,0.00249673
12/13/2010,0.011622391
12/14/2010,0.006330598
12/15/2010,-0.000349487
12/16/2010,0.006875656
12/17/2010,-0.000347222
12/20/2010,0.011230751
12/21/2010,-0.009274101
12/22/2010,0.00219577
12/23/2010,-0.002882841
12/27/2010,0.00624494
12/28/2010,-0.003103092
12/29/2010,0.000230574
12/30/2010,-0.002535731
12/31/2010,-0.002773284
1/3/2011,0.005677868
1/4/2011,-0.001382648
1/5/2011,0
1/6/2011,-0.006115149
1/7/2011,0.001044811
1/10/2011,0.010669141
1/11/2011,0.006769937
1/12/2011,0.010485525
1/13/2011,-0.006993007
1/14/2011,0.000681508
1/18/2011,0.00045403
1/19/2011,-0.002042206
1/20/2011,0.000909504
1/21/2011,0.014198092
1/24/2011,0.011535446
1/25/2011,-0.020150576
1/26/2011,0.012090395
1/27/2011,-0.004242492
1/28/2011,-0.019621034
1/31/2011,0.005489478
2/1/2011,-0.001478617
2/2/2011,-0.000455633
2/3/2011,0.002279202
2/4/2011,0.003865833
2/7/2011,0.005663156
2/8/2011,0.00765852
2/9/2011,0.014641779
2/10/2011,-0.003525006
2/11/2011,0.014813177
2/14/2011,0.001089325
2/15/2011,0.001088139
2/16/2011,0.003586957
2/17/2011,0.004332286
2/18/2011,0.002480319
2/22/2011,-0.010327022
2/23/2011,-0.018913043
2/24/2011,-0.002548194
2/25/2011,0.00244363
2/28/2011,0.021939058
3/1/2011,-0.019191153
3/2/2011,0.009506964
3/3/2011,0.016316251
3/4/2011,-0.006680315
3/7/2011,0.002277904
3/8/2011,0.01461039
3/9/2011,-0.006186667
3/10/2011,-0.033916497
3/11/2011,0.017775803
3/14/2011,-0.006440345
3/15/2011,-0.016699626
3/16/2011,-0.021787709
3/17/2011,0.013021131
3/18/2011,0.003269816
3/21/2011,0.022139807
3/22/2011,-0.002748763
3/23/2011,0.015876516
3/24/2011,0.004775342
3/25/2011,-0.003348455
3/28/2011,-0.001625664
3/29/2011,0.007815892
3/30/2011,-0.003985351
3/31/2011,0.011138748
4/1/2011,-0.003957219
4/4/2011,0.005476216
4/5/2011,-0.002669799
4/6/2011,0.004604347
4/7/2011,-0.006714986
4/8/2011,0.000321923
4/11/2011,0.006221841
4/12/2011,-0.015245203
4/13/2011,0.005304753
4/14/2011,0.000861512
4/15/2011,-0.001291156
4/18/2011,-0.01475975
4/19/2011,0.004483324
4/20/2011,0.020683649
4/21/2011,0.001706485
4/25/2011,0.002129472
4/26/2011,0.019337017
4/27/2011,0.005524286
4/28/2011,0.007878097
4/29/2011,-0.000205698
5/2/2011,-0.002983232
5/3/2011,-0.000928601
5/4/2011,-0.006506248
5/5/2011,-0.013305613
5/6/2011,0.007163928
5/9/2011,0.004079498
5/10/2011,-0.002916971
5/11/2011,-0.001985164
5/12/2011,0.011829983
5/13/2011,-0.006621831
5/16/2011,-0.00572857
5/17/2011,-0.016760947
5/18/2011,0.000852333
5/19/2011,0.008196721
5/20/2011,-0.012142329
5/23/2011,-0.011436511
5/24/2011,-0.005622229
5/25/2011,0.00782864
5/26/2011,0.001402525
5/27/2011,0.007002801
5/31/2011,0.009735744
6/1/2011,-0.031150668
6/2/2011,0.000218723
6/3/2011,-0.008309644
6/6/2011,-0.000882029
6/7/2011,0.002538071
6/8/2011,0.000660429
6/9/2011,0.011549885
6/10/2011,-0.013375381
6/13/2011,0.006282376
6/14/2011,0.014129244
6/15/2011,-0.016848472
6/16/2011,0.006041964
6/17/2011,0.002183883
6/20/2011,0.008498584
6/21/2011,0.009399309
6/22/2011,-0.006743016
6/23/2011,-0.004956897
6/24/2011,-0.015702837
6/27/2011,0.014963142
6/28/2011,0.008346883
6/29/2011,0.000967534
6/30/2011,0.018687574
7/1/2011,0.019188192
7/5/2011,-0.00548257
7/6/2011,0.011441648
7/7/2011,0.007507199
7/8/2011,-0.003572522
7/11/2011,-0.010858431
7/12/2011,-0.007042254
7/13/2011,0.003233208
7/14/2011,-0.01257927
7/15/2011,0.005158981
7/18/2011,-0.00911281
7/19/2011,-0.003488372
7/20/2011,-0.000212157
7/21/2011,0.016870027
7/22/2011,-0.004799666
7/25/2011,-0.003250157
7/26/2011,-0.054065425
7/27/2011,-0.020571556
7/28/2011,-0.005790191
7/29/2011,-0.004910357
8/1/2011,-0.004246041
8/2/2011,-0.017287081
8/3/2011,0.010671983
8/4/2011,-0.0458343
8/5/2011,0.006323726
8/8/2011,-0.050271903
8/9/2011,0.052169487
8/10/2011,-0.053936389
8/11/2011,0.038220631
8/12/2011,0.016252155
8/15/2011,0.00932881
8/16/2011,-0.014163966
8/17/2011,-0.014610983
8/18/2011,-0.043370814
8/19/2011,-0.007104107
8/22/2011,0.001040718
8/23/2011,0.035347628
8/24/2011,0.007782101
8/25/2011,-0.026155187
8/26/2011,0.023276634
8/29/2011,0.026121735
8/30/2011,-0.000365408
8/31/2011,0.011088096
9/1/2011,-0.016510002
9/2/2011,-0.027692685
9/6/2011,-0.016005041
9/7/2011,0.031890369
9/8/2011,-0.016259154
9/9/2011,-0.032929599
9/12/2011,0.020482714
9/13/2011,-0.005241626
9/14/2011,0.020948464
9/15/2011,0.014979859
9/16/2011,-0.001240233
9/19/2011,-0.016391407
9/20/2011,0
9/21/2011,-0.036232799
9/22/2011,-0.045061567
9/23/2011,0.014951989
9/26/2011,0.016218408
9/27/2011,0.014496609
9/28/2011,-0.035133718
9/29/2011,0.01263587
9/30/2011,-0.036763719
10/3/2011,-0.011979384
10/4/2011,0.015226279
10/5/2011,0.007221219
10/6/2011,0.029229284
10/7/2011,-0.011118553
10/10/2011,0.039284747
10/11/2011,-0.003910323
10/12/2011,0.025386025
10/13/2011,-0.007146503
10/14/2011,0.014010283
10/17/2011,-0.038154392
10/18/2011,0.032683184
10/19/2011,-0.008422665
10/20/2011,0.012612613
10/21/2011,0.022877478
10/24/2011,0.02112326
10/25/2011,-0.062545632
10/26/2011,-0.000259605
10/27/2011,0.056998182
10/28/2011,-0.005036236
10/31/2011,-0.024444444
11/1/2011,-0.03151101
11/2/2011,0.01999216
11/3/2011,0.02024084
11/4/2011,-0.004269211
11/7/2011,0.004918033
11/8/2011,0.026854059
11/9/2011,-0.034583893
11/10/2011,0.016708861
11/11/2011,0.024526892
11/14/2011,-0.005103901
11/15/2011,0
11/16/2011,0
11/17/2011,-0.01758886
11/18/2011,0.001367649
11/21/2011,-0.02669481
11/22/2011,-0.007143768
11/23/2011,-0.029423102
11/25/2011,0.007810432
11/28/2011,0.020885328
11/29/2011,-0.006176016
11/30/2011,0.049197307
12/1/2011,-0.009131293
12/2/2011,-0.006724782
12/5/2011,0.014669007
12/6/2011,0.014827629
12/7/2011,0.003165713
12/8/2011,-0.023425173
12/9/2011,0.021625652
12/12/2011,-0.019586375
12/13/2011,-0.014642015
12/14/2011,-0.011333585
12/15/2011,0.004458031
12/16/2011,0.000126807
12/19/2011,-0.013313047
12/20/2011,0.031996916
12/21/2011,-0.003860042
12/22/2011,0.012125
12/23/2011,0.015190811
12/27/2011,0.000973236
12/28/2011,-0.013733593
12/29/2011,0.011829945
12/30/2011,-0.004627938
1/3/2012,0.02153432
1/4/2012,0.008264463
1/5/2012,-0.004514136
1/6/2012,-0.005131265
1/9/2012,0.005997361
1/10/2012,0.005126982
1/11/2012,-0.00628707
1/12/2012,0.006088098
1/13/2012,-0.008068344
1/17/2012,0.007535885
1/18/2012,0.009972694
1/19/2012,0.008581168
1/20/2012,-0.001748252
1/23/2012,-0.000467017
1/24/2012,0.003737881
1/25/2012,0.006400559
1/26/2012,0.012719704
1/27/2012,-0.001370176
1/30/2012,-0.001372056
1/31/2012,-0.00721319
2/1/2012,0.007380925
2/2/2012,0.000915856
2/3/2012,0.003431316
2/6/2012,-0.001937764
2/7/2012,0.003768844
2/8/2012,0.000910229
2/9/2012,0.000568376
2/10/2012,-0.009997728
2/13/2012,0.01021345
2/14/2012,-0.000454391
2/15/2012,-0.011137629
2/16/2012,0.007355476
2/17/2012,-0.001026811
2/21/2012,0.00045683
2/22/2012,0.001826484
2/23/2012,0.00159526
2/24/2012,0.003412969
2/27/2012,-0.001473923
2/28/2012,-0.003406381
2/29/2012,-0.00193688
3/1/2012,-0.001255708
3/2/2012,0.000342896
3/5/2012,-0.005255941
3/6/2012,-0.024236159
3/7/2012,0.006121248
3/8/2012,0.014508015
3/9/2012,0.001037943
3/12/2012,0.008525346
3/13/2012,0.013822253
3/14/2012,0.001352113
3/15/2012,0.012715202
3/16/2012,-0.004888889
3/19/2012,0.002009826
3/20/2012,-0.004345888
3/21/2012,-0.004924454
3/22/2012,-0.003824092
3/23/2012,-0.001241956
3/26/2012,0.007460999
3/27/2012,0.000224417
3/28/2012,-0.007740633
3/29/2012,0.003617863
3/30/2012,0.004956629
4/2/2012,0.00022419
4/3/2012,-0.004931077
4/4/2012,-0.010699403
4/5/2012,-0.006489071
4/9/2012,-0.01077117
4/10/2012,-0.020271053
4/11/2012,0.009103807
4/12/2012,0.017691857
4/13/2012,-0.013469952
4/16/2012,0.008285681
4/17/2012,0.012152778
4/18/2012,-0.003659234
4/19/2012,-0.003787444
4/20/2012,0.007834101
4/23/2012,-0.004000914
4/24/2012,0.01560886
4/25/2012,0.003503221
4/26/2012,0.005855856
4/27/2012,0.000447828
4/30/2012,0
5/1/2012,0.002685765
5/2/2012,-0.000892857
5/3/2012,-0.001452189
5/4/2012,-0.008054592
5/7/2012,-0.007443329
5/8/2012,-0.005113055
5/9/2012,-0.003312015
5/10/2012,-0.001604217
5/11/2012,-0.004590841
5/14/2012,-0.010377032
5/15/2012,-0.000582547
5/16/2012,-0.005012824
5/17/2012,-0.011833626
5/18/2012,-0.009841119
5/21/2012,0.011375883
5/22/2012,-0.003907175
5/23/2012,0.007963865
5/24/2012,0.002122642
5/25/2012,-0.002353495
5/29/2012,0.011205473
5/30/2012,-0.014930596
5/31/2012,-0.000473653
6/1/2012,-0.018481223
6/4/2012,-0.002776101
6/5/2012,-0.001331397
6/6/2012,0.025693855
6/7/2012,0.010280043
6/8/2012,0.005847953
6/11/2012,-0.009534884
6/12/2012,0.01819676
6/13/2012,-0.006918021
6/14/2012,0.00847556
6/15/2012,0.006677412
6/18/2012,-0.001486734
6/19/2012,0.005841255
6/20/2012,-0.00318834
6/21/2012,-0.009252913
6/22/2012,0.001153004
6/25/2012,-0.011286422
6/26/2012,0.003843914
6/27/2012,0.011371548
6/28/2012,0
6/29/2012,0.027994493
7/2/2012,-0.003571429
7/3/2012,0.004704301
7/5/2012,-0.001449275
7/6/2012,-0.006475382
7/9/2012,-0.000337117
7/10/2012,-0.007981115
7/11/2012,-0.004532578
7/12/2012,-0.016391577
7/13/2012,0.013655827
7/16/2012,0.005822582
7/17/2012,0.009988649
7/18/2012,0.021240728
7/19/2012,-0.000440189
7/20/2012,-0.009248046
7/23/2012,-0.007000778
7/24/2012,-0.012533572
7/25/2012,0.005779692
7/26/2012,0.020732394
7/27/2012,0.012363396
7/30/2012,-0.004688693
7/31/2012,-0.000547765
8/1/2012,-0.000328839
8/2/2012,-0.012280702
8/3/2012,0.017984014
8/6/2012,-0.003162486
8/7/2012,0.003172519
8/8/2012,-0.000763359
8/9/2012,-0.000436538
8/10/2012,0.007642756
8/13/2012,0.001191895
8/14/2012,-0.001082251
8/15/2012,0.002600217
8/16/2012,0.012967365
8/17/2012,0.005333902
8/20/2012,-0.003713922
8/21/2012,-0.007242518
8/22/2012,-0.005686085
8/23/2012,-0.00755287
8/24/2012,0.009241139
8/27/2012,-0.002585371
8/28/2012,-0.003132088
8/29/2012,0.001408451
8/30/2012,-0.007248729
8/31/2012,0.009154316
9/4/2012,-0.009935205
9/5/2012,0.000763525
9/6/2012,0.016675749
9/7/2012,-0.004931389
9/10/2012,-0.023163111
9/11/2012,0.005514503
9/12/2012,-0.003948667
9/13/2012,0.013765004
9/14/2012,0.020855964
9/17/2012,-0.002128112
9/18/2012,-0.003732139
9/19/2012,0.00214064
9/20/2012,-0.000534017
9/21/2012,-0.003953836
9/24/2012,0.005578801
9/25/2012,-0.009602048
9/26/2012,-0.002585371
9/27/2012,0.00248407
9/28/2012,-0.004309416
10/1/2012,0.009413547
10/2/2012,0.002679816
10/3/2012,0.002565747
10/4/2012,0.006931115
10/5/2012,0.005612623
10/8/2012,0.004317607
10/9/2012,-0.014994233
10/10/2012,-0.007025761
10/11/2012,-0.004824185
10/12/2012,-0.00086179
10/15/2012,0.000431267
10/16/2012,0.015518914
10/17/2012,0.006155152
10/18/2012,-0.000738319
10/19/2012,-0.018999367
10/22/2012,-0.004411448
10/23/2012,-0.041067762
10/24/2012,-0.003831849
10/25/2012,-0.006561828
10/26/2012,0.002505409
10/31/2012,-0.004884698
11/1/2012,0.018835616
11/2/2012,-0.003137255
11/5/2012,0.007081039
11/6/2012,0.0140625
11/7/2012,-0.016288796
11/8/2012,-0.009286194
11/9/2012,0.002936194
11/12/2012,0.004166198
11/13/2012,-0.001121328
11/14/2012,-0.01986978
11/15/2012,0.008131944
11/16/2012,0.005453306
11/19/2012,0.012090395
11/20/2012,-0.006140449
11/21/2012,-0.000898674
11/23/2012,0.015066337
11/26/2012,-0.002104564
11/27/2012,0.002442002
11/28/2012,0.006865242
11/29/2012,-0.003079292
11/30/2012,0.003309432
12/3/2012,-0.007146784
12/4/2012,-0.001993355
12/5/2012,0.007101642
12/6/2012,0.002093433
12/7/2012,0.006157229
12/10/2012,0.003933996
12/11/2012,0.019701752
12/12/2012,-0.005977797
12/13/2012,-0.006658076
12/14/2012,-0.002378378
12/17/2012,0.008127438
12/18/2012,0.008814361
12/19/2012,-0.0088439
12/20/2012,0.011932918
12/21/2012,-0.010942314
12/24/2012,0.000966702
12/26/2012,-0.001287692
12/27/2012,-0.004620178
12/28/2012,-0.009283247
12/31/2012,0.011658313
1/2/2013,0.020786214
1/3/2013,-0.001160582
1/4/2013,0.007394106
1/7/2013,0.001258257
1/8/2013,0.000104723
1/9/2013,0.009528796
1/10/2013,0.004978737
1/11/2013,-0.006295799
1/14/2013,0.008309098
1/15/2013,0.002163164
1/16/2013,0.00318635
1/17/2013,0.004918033
1/18/2013,0.006729201
1/22/2013,0.005975289
1/23/2013,0.001610792
1/24/2013,0.001809227
1/25/2013,0.009230461
1/28/2013,0.000596481
1/29/2013,0.011525087
1/30/2013,-0.00992044
1/31/2013,-0.002480159
2/1/2013,0.010044754
2/4/2013,-0.007778653
2/5/2013,0.007144984
2/6/2013,0.011823825
2/7/2013,-0.004576882
2/8/2013,0.004304441
2/11/2013,-0.000389636
2/12/2013,0.008185539
2/13/2013,-0.005799343
2/14/2013,-0.000777756
2/15/2013,0.004378284
2/19/2013,0.009202751
2/20/2013,-0.009886734
2/21/2013,-0.004168686
2/22/2013,0.007982866
2/25/2013,-0.017288005
2/26/2013,0.005503686
2/27/2013,0.012315512
2/28/2013,0.004151781
3/1/2013,-0.002211538
3/4/2013,-0.004721981
3/5/2013,0.011328428
3/6/2013,0.002010531
3/7/2013,-0.00114657
3/8/2013,0.011191888
3/11/2013,0.000945984
3/12/2013,-0.006426614
3/13/2013,-0.000380481
3/14/2013,0.008849558
3/15/2013,0.003584229
3/18/2013,-0.009304511
3/19/2013,-0.002181956
3/20/2013,0.004563605
3/21/2013,-0.00681431
3/22/2013,0.014103297
3/25/2013,-0.011745912
3/26/2013,0.008557573
3/27/2013,-0.007353634
3/28/2013,0.00968753
4/1/2013,-0.006208259
4/2/2013,0.008234737
4/3/2013,-0.007885843
4/4/2013,0.001324754
4/5/2013,-0.000378
4/8/2013,-0.000283607
4/9/2013,0.001891253
4/10/2013,0.016422841
4/11/2013,0.005200111
4/12/2013,-0.005265589
4/15/2013,-0.017830609
4/16/2013,0.003687595
4/17/2013,-0.006311823
4/18/2013,-0.004740235
4/19/2013,0.006953705
4/22/2013,0.000851386
4/23/2013,0.015028355
4/24/2013,0.00446969
4/25/2013,-0.02771855
4/26/2013,-0.01039283
4/29/2013,0.000385394
4/30/2013,0.008475392
5/1/2013,-0.00152803
5/2/2013,0.014251554
5/3/2013,0.016880422
5/6/2013,9.27E-05
5/7/2013,0.001576409
5/8/2013,0.001759096
5/9/2013,0.015896488
5/10/2013,0.005094614
5/13/2013,0.000181028
5/14/2013,0.00081448
5/15/2013,0.008228592
5/16/2013,-0.003856502
5/17/2013,0.002881066
5/20/2013,0.002962564
5/21/2013,0.002595775
5/22/2013,-0.010891885
5/23/2013,-0.003429912
5/24/2013,-0.001268001
5/28/2013,0.011970618
5/29/2013,-0.004122233
5/30/2013,0.002609556
5/31/2013,-0.010321307
6/3/2013,0.003083341
6/4/2013,-0.005334057
6/5/2013,-0.012997637
6/6/2013,0.000736716
6/7/2013,0.022453299
6/10/2013,-0.002700027
6/11/2013,-0.005324429
6/12/2013,-0.010796589
6/13/2013,0.019902779
6/14/2013,-0.001528777
6/17/2013,0.007925786
6/18/2013,0.009471897
6/19/2013,-0.012392671
6/20/2013,-0.025006722
6/21/2013,0.007446222
6/24/2013,-0.019071083
6/25/2013,0.006883721
6/26/2013,0.013303769
6/27/2013,0.005105762
6/28/2013,-0.008073295
7/1/2013,-0.000365798
7/2/2013,-0.00530601
7/3/2013,0.006621907
7/5/2013,0.019095477
7/8/2013,0.005289582
7/9/2013,0.010880228
7/10/2013,0.000705779
7/11/2013,0.009697611
7/12/2013,0.005326115
7/15/2013,-0.002518673
7/16/2013,-0.004440575
7/17/2013,0.002623754
7/18/2013,0.007327285
7/19/2013,0.006148251
7/22/2013,0.000774593
7/23/2013,0.004041968
7/24/2013,-0.00359743
7/25/2013,0.001891172
7/26/2013,0.003088803
7/29/2013,-0.002566076
7/30/2013,0.001972387
7/31/2013,0.005049641
8/1/2013,0.008345397
8/2/2013,-0.001266785
8/5/2013,-0.002875021
8/6/2013,-0.003561737
8/7/2013,0.002808511
8/8/2013,0.007213783
8/9/2013,-0.003117627
8/12/2013,0.000591666
8/13/2013,0.002449738
8/14/2013,-0.008848066
8/15/2013,-0.015048461
8/16/2013,0.000431593
8/19/2013,-0.002502157
8/20/2013,-0.001643456
8/21/2013,-0.017328019
8/22/2013,0.011020984
8/23/2013,-0.002354583
8/26/2013,-0.000611888
8/27/2013,-0.013994577
8/28/2013,0.002395103
8/29/2013,0.002831858
8/30/2013,0.002294388
9/3/2013,-0.003169572
9/4/2013,0.011747041
9/5/2013,0.00279354
9/6/2013,0.001479934
9/9/2013,0.014777469
9/10/2013,0.007281138
9/11/2013,0.009524619
9/12/2013,-0.004296184
9/13/2013,0.003384095
9/16/2013,0.005311973
9/17/2013,0.005871006
9/18/2013,0.011339948
9/19/2013,0.002308517
9/20/2013,-0.012832113
9/23/2013,0.009165903
9/24/2013,-0.002559657
9/25/2013,-0.004966887
9/26/2013,0.003826955
9/27/2013,-0.00364661
9/30/2013,-0.006737648
10/1/2013,0.001758647
10/2/2013,-0.003511119
10/3/2013,-0.00545302
10/4/2013,0.00716997
10/7/2013,-0.005946399
10/8/2013,-0.012890724
10/9/2013,0.003499488
10/10/2013,0.015054861
10/11/2013,0.0115636
10/14/2013,0.005632869
10/15/2013,-0.013014827
10/16/2013,0.009347354
10/17/2013,0.013891186
10/18/2013,0.001794161
10/21/2013,0.003337675
10/22/2013,0.004462475
10/23/2013,-0.004846527
10/24/2013,0.002353896
10/25/2013,0.007530974
10/28/2013,0.004018647
10/29/2013,0.002881844
10/30/2013,-0.003911239
10/31/2013,0.00849427
11/1/2013,0.000397298
11/4/2013,0.003335981
11/5/2013,-0.001583281
11/6/2013,0.008008246
11/7/2013,-0.005663494
11/8/2013,0.012499011
11/11/2013,-0.000312524
11/12/2013,0.003204377
11/13/2013,0.001791835
11/14/2013,0.009331985
11/15/2013,0.000462285
11/18/2013,0.002156334
11/19/2013,-0.00061477
11/20/2013,-0.006689735
11/21/2013,0.00905713
11/22/2013,0.005140008
11/25/2013,0.001602809
11/26/2013,0.007010592
11/27/2013,0.010215664
11/29/2013,7.49E-05
12/2/2013,-0.043667141
12/3/2013,-0.008458647
12/4/2013,-0.001105845
12/5/2013,0.002925826
12/6/2013,0.014034534
12/9/2013,-0.000311018
12/10/2013,-0.007933421
12/11/2013,-0.006115249
12/12/2013,-0.001498777
12/13/2013,-0.001185021
12/16/2013,0.009728704
12/17/2013,0.029218236
12/18/2013,0.033564198
12/19/2013,0.0044919
12/20/2013,0.002272561
12/23/2013,0.000585138
12/24/2013,0.001388889
12/26/2013,0.009489744
12/27/2013,0.007665052
12/30/2013,0.000502332
12/31/2013,0.005953235
1/2/2014,-0.015115865
1/3/2014,0.002316658
1/6/2014,-0.005922716
1/7/2014,0.000145317
1/8/2014,-0.007410098
1/9/2014,-0.001317427
1/10/2014,-0.001978747
1/13/2014,-0.011014833
1/14/2014,0.02027027
1/15/2014,0.007495815
1/16/2014,-0.002022537
1/17/2014,-0.006152287
1/21/2014,-0.002330493
1/22/2014,-0.003722899
1/23/2014,-0.012968933
1/24/2014,-0.033330859
1/27/2014,-0.009675933
1/28/2014,0.006591191
1/29/2014,0.003389569
1/30/2014,-0.016890595
1/31/2014,0.001093323
2/3/2014,-0.033465949
2/4/2014,0.022760291
2/5/2014,0.005050505
2/6/2014,0.012091709
2/7/2014,0.011093871
2/10/2014,-0.004833883
2/11/2014,0.009868928
2/12/2014,-0.004122767
2/13/2014,-0.002299908
2/14/2014,0.015214385
2/18/2014,-0.002422041
2/19/2014,-0.009408194
2/20/2014,0.007659314
2/21/2014,7.60E-05
2/24/2014,0.004788326
2/25/2014,0.005521936
2/26/2014,-0.000526593
2/27/2014,0.011139545
2/28/2014,0.002903082
3/3/2014,-0.018704075
3/4/2014,0.00355495
3/5/2014,0.008818209
3/6/2014,0.001718341
3/7/2014,0.000223747
3/10/2014,-0.004101111
3/11/2014,-0.007861635
3/12/2014,0.000452796
3/13/2014,-0.013276005
3/14/2014,-0.007491782
3/17/2014,0.018793807
3/18/2014,0.003553338
3/19/2014,-0.011375622
3/20/2014,0.009144251
3/21/2014,0.0052103
3/24/2014,-0.005258413
3/25/2014,0.012384836
3/26/2014,-0.007235566
3/27/2014,-0.001878428
3/28/2014,0.01023788
3/31/2014,0.010879285
4/1/2014,0.006413092
4/2/2014,-0.003881931
4/3/2014,0.001029412
4/4/2014,-0.002056706
4/7/2014,-0.010746357
4/8/2014,0.00327381
4/9/2014,0.007416197
4/10/2014,-0.013766196
4/11/2014,-0.011793685
4/14/2014,0.005740615
4/15/2014,0.007059707
4/16/2014,0.019986576
4/17/2014,0.007019083
4/21/2014,0.006461918
4/22/2014,0.001947771
4/23/2014,-0.006479948
4/24/2014,-0.009710849
4/25/2014,-0.000658617
4/28/2014,0.004906268
4/29/2014,0.002331852
4/30/2014,0.011195929
5/1/2014,0.012366094
5/2/2014,-0.00490022
5/5/2014,0.003497003
5/6/2014,-0.009387668
5/7/2014,0.013281643
5/8/2014,-0.002196401
5/9/2014,0.003621387
5/12/2014,0.010471204
5/13/2014,-0.00273071
5/14/2014,-0.005827424
5/15/2014,-0.004378531
5/16/2014,0.001063981
5/19/2014,0.003826259
5/20/2014,-0.010164467
5/21/2014,0.003066391
5/22/2014,-0.00248827
5/23/2014,0.005915473
5/27/2014,0.002125549
5/28/2014,-7.07E-05
5/29/2014,0.00678781
5/30/2014,0.001123674
6/2/2014,-0.001613469
6/3/2014,0.004005059
6/4/2014,-0.004408986
6/5/2014,0.010192605
6/6/2014,0.006471366
6/9/2014,0.004701327
6/10/2014,-0.002408478
6/11/2014,-0.003862868
6/12/2014,-0.009279136
6/13/2014,0.00202698
6/16/2014,-0.000279018
6/17/2014,0.002581636
6/18/2014,0.004454033
6/19/2014,0.001108571
6/20/2014,0.004636999
6/23/2014,-0.007371177
6/24/2014,-0.006940107
6/25/2014,0.003913621
6/26/2014,0.000556909
6/27/2014,-0.0002783
6/30/2014,-0.003131742
7/1/2014,0.009215303
7/2/2014,0.004634754
7/3/2014,0.001239413
7/7/2014,-0.003438553
7/8/2014,-0.002415292
7/9/2014,0.000830105
7/10/2014,-0.005460326
7/11/2014,0.002918896
7/14/2014,0.004781373
7/15/2014,0.000413793
7/16/2014,0.007652006
7/17/2014,-0.017992748
7/18/2014,0.008987042
7/21/2014,-0.003659463
7/22/2014,0.005682606
7/23/2014,-0.003031974
7/24/2014,0.003110312
7/25/2014,-6.89E-05
7/28/2014,0.002825248
7/29/2014,-0.010375868
7/30/2014,-0.001944174
7/31/2014,-0.019827466
8/1/2014,-0.000993683
8/4/2014,0
8/5/2014,-0.006891652
8/6/2014,-0.001645443
8/7/2014,-0.003009674
8/8/2014,0.012362539
8/11/2014,-0.001916933
8/12/2014,0.002134016
8/13/2014,0.00653038
8/14/2014,0.003808181
8/15/2014,-0.002950681
8/18/2014,0.015501691
8/19/2014,0.000902026
8/20/2014,0.002426343
8/21/2014,-0.000691563
8/22/2014,-0.002560554
8/25/2014,0.003954763
8/26/2014,-0.000691085
8/27/2014,-0.004564315
8/28/2014,0.000277894
8/29/2014,0.000138908
9/2/2014,0.001527778
9/3/2014,-0.00277354
9/4/2014,-0.001460159
9/5/2014,0.004108349
9/8/2014,0.004785021
9/9/2014,-0.002967769
9/10/2014,0.00124602
9/11/2014,-0.002004978
9/12/2014,-0.002840319
9/15/2014,0.003751563
9/16/2014,0.002560908
9/17/2014,0.003589921
9/18/2014,0.010112128
9/19/2014,-0.00102152
9/22/2014,-0.006680755
9/23/2014,-0.009196349
9/24/2014,0.00353259
9/25/2014,-0.016565433
9/26/2014,-0.000421112
9/29/2014,-0.001614942
9/30/2014,-0.00358675
10/1/2014,-0.017645398
10/2/2014,-0.00366432
10/3/2014,0.010817048
10/6/2014,0.001212813
10/7/2014,-0.018953969
10/8/2014,0.027091807
10/9/2014,-0.019588431
10/10/2014,-0.034694172
10/13/2014,-0.006949115
10/14/2014,0.009631302
10/15/2014,0.000298107
10/16/2014,0.006183877
10/17/2014,0.017400963
10/20/2014,0.001455604
10/21/2014,0.024200581
10/22/2014,-0.014049528
10/23/2014,0.043900684
10/24/2014,0.024405377
10/27/2014,0.00652803
10/28/2014,0.01002942
10/29/2014,-0.000330994
10/30/2014,0.007218065
10/31/2014,0.010979619
11/3/2014,-0.003056513
11/4/2014,0.011415525
11/5/2014,0.004127701
11/6/2014,0.002312287
11/7/2014,0.003204101
11/10/2014,0.007090386
11/11/2014,-0.00348852
11/12/2014,0.003628031
11/13/2014,0.004249112
11/14/2014,0.003157562
11/17/2014,-0.00100724
11/18/2014,0.009200328
11/19/2014,-0.008242273
11/20/2014,0.003336901
11/21/2014,0.00502008
11/24/2014,-0.001748252
11/25/2014,-0.011383538
11/26/2014,0.001581678
11/28/2014,0.011243762
12/1/2014,-0.012055719
12/2/2014,0.015427415
12/3/2014,0.010336239
12/4/2014,0
12/5/2014,6.16E-05
12/8/2014,-0.008257842
12/9/2014,-0.000621388
12/10/2014,-0.016103961
12/11/2014,0.005750758
12/12/2014,-0.012755262
12/15/2014,-0.001718432
12/16/2014,0.01402614
12/17/2014,0.009745363
12/18/2014,0.029265255
12/19/2014,0.001088929
12/22/2014,0.010817017
12/23/2014,-0.002391343
12/24/2014,0.000539342
12/26/2014,-0.004192621
12/29/2014,0.002706604
12/30/2014,-0.005218643
12/31/2014,-0.009165461
1/2/2015,-0.001582278
1/5/2015,-0.022552725
1/6/2015,-0.010663507
1/7/2015,0.007248661
1/8/2015,0.023967459
1/9/2015,-0.012283811
1/12/2015,-0.005444871
1/13/2015,-0.000746547
1/14/2015,-0.004856182
1/15/2015,-0.001126126
1/16/2015,0.014656144
1/20/2015,-0.00037037
1/21/2015,0.003705076
1/22/2015,0.020610311
1/23/2015,-0.01127253
1/26/2015,0.0013413
1/27/2015,-0.003714077
1/28/2015,0.001894518
1/29/2015,0.013358546
1/30/2015,-0.023054235
2/2/2015,0.01306223
2/3/2015,0.009244617
2/4/2015,-0.00680969
2/5/2015,0.010557612
2/6/2015,-0.002882017
2/9/2015,-0.007406515
2/10/2015,0.005945159
2/11/2015,-0.008081052
2/12/2015,0.008694066
2/13/2015,0.000180821
2/17/2015,0.005905749
2/18/2015,0.002875629
2/19/2015,-0.001851852
2/20/2015,0.006164343
2/23/2015,0.004104211
2/24/2015,0.001836384
2/25/2015,-0.001359981
2/26/2015,0.00426313
2/27/2015,-0.005660044
3/2/2015,0.010969463
3/3/2015,-0.013079179
3/4/2015,-0.006596541
3/5/2015,0.00245274
3/6/2015,-0.019156174
3/9/2015,0.012229253
3/10/2015,-0.024703973
3/11/2015,-0.003266363
3/12/2015,0.016941817
3/13/2015,-0.010518636
3/16/2015,0.021322355
3/17/2015,-0.011912641
3/18/2015,0.013639408
3/19/2015,-0.004865742
3/20/2015,0.005010262
3/23/2015,-0.002162292
3/24/2015,0.001143683
3/25/2015,-0.021765272
3/26/2015,-0.000676091
3/27/2015,0.0055969
3/30/2015,0.01559633
3/31/2015,-0.006624511
4/1/2015,-0.014731737
4/2/2015,0.001722865
4/6/2015,0.016461916
4/7/2015,0.004411409
4/8/2015,0.000360989
4/9/2015,0.003127443
4/10/2015,0.001678758
4/13/2015,-0.007362184
4/14/2015,0.000904486
4/15/2015,0.002711007
4/16/2015,-0.003304494
4/17/2015,-0.02519742
4/20/2015,0.017314947
4/21/2015,-0.003100115
4/22/2015,0.004085366
4/23/2015,-0.030424485
4/24/2015,-0.004196417
4/27/2015,-0.006352601
4/28/2015,0.00221547
4/29/2015,-0.008589655
4/30/2015,-0.003694974
5/1/2015,0.008248609
5/4/2015,0.008498224
5/5/2015,-0.006980254
5/6/2015,-0.001709835
5/7/2015,0.006153261
5/8/2015,0.012546498
5/11/2015,-0.004358655
5/12/2015,0.001063164
5/13/2015,0.007746611
5/14/2015,0.011406608
5/15/2015,0.000919399
5/18/2015,-0.00263319
5/19/2015,0.001534967
5/20/2015,-0.007479156
5/21/2015,0.000988264
5/22/2015,-0.006664198
5/26/2015,-0.008634613
5/27/2015,0.008960461
5/28/2015,-0.000931561
5/29/2015,-0.011126997
6/1/2015,-0.000628615
6/2/2015,0.00062901
6/3/2015,0.006789037
6/4/2015,-0.011301199
6/5/2015,-0.008020208
6/8/2015,-0.00311943
6/9/2015,0.00249058
6/10/2015,0.013122691
6/11/2015,0.005155936
6/12/2015,-0.011384962
6/15/2015,-0.013730701
6/16/2015,0.003977674
6/17/2015,0.002939485
6/18/2015,0.017011787
6/19/2015,-0.004197469
6/22/2015,0.004592639
6/23/2015,0.001002004
6/24/2015,-0.014389389
6/25/2015,-0.010283103
6/26/2015,0.007503848
6/29/2015,-0.019988542
6/30/2015,0.002273465
7/1/2015,0.00874919
7/2/2015,-0.001734661
7/6/2015,-0.00193075
7/7/2015,0.0022569
7/8/2015,-0.017499839
7/9/2015,0.006810294
7/10/2015,0.007804878
7/13/2015,0.009809616
7/14/2015,0.00198121
7/15/2015,-0.004975124
7/16/2015,0.0075
7/17/2015,-0.003054018
7/20/2015,0.002744272
7/21/2015,-0.008655804
7/22/2015,-0.002247047
7/23/2015,-0.038028441
7/24/2015,-0.001137124
7/27/2015,-0.004151878
7/28/2015,0.016138794
7/29/2015,0.002250017
7/30/2015,0.000792341
7/31/2015,-0.001517451
8/3/2015,-0.008061319
8/4/2015,0.001865175
8/5/2015,0.004055851
8/6/2015,-0.011588637
8/7/2015,-0.002478896
8/10/2015,0.015783464
8/11/2015,-0.01824914
8/12/2015,0.000269397
8/13/2015,-0.007541072
8/14/2015,0.005970149
8/17/2015,0.006474238
8/18/2015,-0.006231573
8/19/2015,-0.016452026
8/20/2015,-0.017275656
8/21/2015,-0.008789676
8/24/2015,-0.024702653
8/25/2015,-0.006783086
8/26/2015,0.036907876
8/27/2015,0.008267937
8/28/2015,0.002154274
8/31/2015,-0.014354067
9/1/2015,-0.025608555
9/2/2015,0.019783394
9/3/2015,0.003540074
9/4/2015,-0.013404826
9/8/2015,0.025672197
9/9/2015,-0.017918148
9/10/2015,-0.00056794
9/11/2015,0.003409575
9/14/2015,-0.003185615
9/15/2015,0.019813934
9/16/2015,0.004178273
9/17/2015,-0.008668516
9/18/2015,-0.023294858
9/21/2015,0.003008165
9/22/2015,-0.01442445
9/23/2015,-0.002608318
9/24/2015,-0.000581142
9/25/2015,0.014391627
9/28/2015,-0.008455145
9/29/2015,0.022907935
9/30/2015,0.001554221
10/1/2015,-0.006842068
10/2/2015,0.017045455
10/5/2015,0.021787709
10/6/2015,-0.003622198
10/7/2015,0.012003567
10/8/2015,0.013148977
10/9/2015,0.00280974
10/12/2015,0.001067378
10/13/2015,-0.006330801
10/14/2015,-0.005298102
10/15/2015,0.005865696
10/16/2015,-0.003284402
10/19/2015,-0.004707465
10/20/2015,0.0075
10/21/2015,0.004761585
10/22/2015,0.041249499
10/23/2015,-0.001346154
10/26/2015,0.004814173
10/27/2015,0.001213747
10/28/2015,0.008613539
10/29/2015,-0.002973178
10/30/2015,-0.00253791
11/2/2015,0.017238089
11/3/2015,-0.007316158
11/4/2015,0.001007874
11/5/2015,0.00050343
11/6/2015,0.00169822
11/9/2015,-0.011239483
11/10/2015,0.00076205
11/11/2015,0.009264547
11/12/2015,-0.01729016
11/13/2015,-0.004158669
11/16/2015,0.016447157
11/17/2015,-0.007458441
11/18/2015,0.002292556
11/19/2015,0.006290107
11/20/2015,0.003598939
11/23/2015,-0.001887386
11/24/2015,-0.005672865
11/25/2015,-0.000760697
11/27/2015,0.002283829
11/30/2015,-0.008924615
12/1/2015,0.002043684
12/2/2015,-0.007648184
12/3/2015,-0.008477842
12/4/2015,0.024873688
12/7/2015,-0.002970547
12/8/2015,-0.006085578
12/9/2015,-0.004719689
12/10/2015,0.009420058
12/11/2015,-0.017077197
12/14/2015,0.018084351
12/15/2015,-0.060267716
12/16/2015,0.012286505
12/17/2015,-0.007335779
12/18/2015,-0.012966073
12/21/2015,0.003811598
12/22/2015,0.010103065
12/23/2015,0.014700946
12/24/2015,0.000198465
12/28/2015,0.000198426
12/29/2015,0.011043513
12/30/2015,-0.006409837
12/31/2015,-0.008360213
1/4/2016,-0.025358471
1/5/2016,0.004359079
1/6/2016,-0.020141055
1/7/2016,-0.024361548
1/8/2016,-0.00340498
1/11/2016,-0.000213538
1/12/2016,0.002847786
1/13/2016,-0.01519239
1/14/2016,0.017733564
1/15/2016,-0.017637059
1/19/2016,-0.002163098
1/20/2016,-0.010333117
1/21/2016,0.005841121
1/22/2016,0.012775842
1/25/2016,-0.013976491
1/26/2016,0.052409682
1/27/2016,0.005318414
1/28/2016,0.012160769
1/29/2016,0.024979636
2/1/2016,-0.015033113
2/2/2016,-0.00578229
2/3/2016,0.031446541
2/4/2016,0.006031996
2/5/2016,0.000195516
2/8/2016,0.002801851
2/9/2016,0.00545809
2/10/2016,-0.014799018
2/11/2016,-0.011675959
2/12/2016,0.0218358
2/16/2016,0.010197454
2/17/2016,0.007008294
2/18/2016,0.001021581
2/19/2016,-0.00210486
2/22/2016,0.007989773
2/23/2016,-0.009701966
2/24/2016,0.006723442
2/25/2016,0.01125811
2/26/2016,-0.004528587
2/29/2016,-0.008845644
3/1/2016,0.017339198
3/2/2016,-0.00112789
3/3/2016,-0.000188194
3/4/2016,0.004329276
3/7/2016,0.003123633
3/8/2016,-0.002304291
3/9/2016,-0.000686642
3/10/2016,-0.001249297
3/11/2016,0.012446057
3/14/2016,-0.000432419
3/15/2016,0.003708053
3/16/2016,0.002955483
3/17/2016,0.005279637
3/18/2016,0.009648855
3/21/2016,-0.002963769
3/22/2016,0.000424654
3/23/2016,-0.003880905
3/24/2016,0.001156632
3/28/2016,0.011066521
3/29/2016,-0.01136637
3/30/2016,0.014356104
3/31/2016,-0.00071964
4/1/2016,0.005401188
4/4/2016,-0.006745061
4/5/2016,-0.003545673
4/6/2016,0.006030999
4/7/2016,0.002098196
4/8/2016,-0.003170615
4/11/2016,-0.000240053
4/12/2016,0.008643976
4/13/2016,0.003332738
4/14/2016,-0.002550566
4/15/2016,0.003686965
4/18/2016,0.004562152
4/19/2016,0.000589797
4/20/2016,-0.004185087
4/21/2016,-0.001657393
4/22/2016,0
4/25/2016,-0.001660145
4/26/2016,-0.013065685
4/27/2016,0.009507763
4/28/2016,-0.004530281
4/29/2016,0.002275449
5/2/2016,0.005735452
5/3/2016,-0.002197933
5/4/2016,-0.00482229
5/5/2016,0.003649198
5/6/2016,0.006675806
5/9/2016,-0.002190775
5/10/2016,0.010325184
5/11/2016,-0.002877951
5/12/2016,0.002238322
5/13/2016,-0.010755216
5/16/2016,0.00730751
5/17/2016,-0.010262459
5/18/2016,-0.005899529
5/19/2016,-0.010250569
5/20/2016,-0.000605657
5/23/2016,0.006666263
5/24/2016,0.01517067
5/25/2016,0.008064994
5/26/2016,-0.006353315
5/27/2016,-0.000118406
5/31/2016,-0.003374978
6/1/2016,0.002198194
6/2/2016,-0.003853222
6/3/2016,0.002023328
6/6/2016,0.010096211
6/7/2016,0.004880056
6/8/2016,0.002984027
6/9/2016,-0.007525376
6/10/2016,-0.009228237
6/13/2016,-0.008483626
6/14/2016,0.002872016
6/15/2016,0.001133584
6/16/2016,0.012693683
6/17/2016,-0.005825928
6/20/2016,0.013555108
6/21/2016,0.000817614
6/22/2016,-0.000816946
6/23/2016,0.016819483
6/24/2016,-0.028660043
6/27/2016,-0.011412015
6/28/2016,0.014354926
6/29/2016,0.011380388
6/30/2016,0.020988806
7/1/2016,0.002398355
7/5/2016,0.000512704
7/6/2016,-0.00267608
7/7/2016,-0.001655629
7/8/2016,0.012866701
7/11/2016,0.005024842
7/12/2016,0.006460311
7/13/2016,0.00027908
7/14/2016,0.009430277
7/15/2016,0.002763958
7/18/2016,-0.001598677
7/19/2016,0.000717796
7/20/2016,0.000993158
7/21/2016,-0.006394003
7/22/2016,0.000998558
7/25/2016,-0.004489027
7/26/2016,-0.010966988
7/27/2016,0.003433525
7/28/2016,-0.001626746
7/29/2016,0.002135071
8/1/2016,-0.000392465
8/2/2016,0.000392619
8/3/2016,0.000112133
8/4/2016,-0.003195425
8/5/2016,0.004274225
8/8/2016,5.60E-05
8/9/2016,-0.001063949
8/10/2016,0.002410449
8/11/2016,0.01219103
8/12/2016,-0.004033149
8/15/2016,0.001608698
8/16/2016,-0.007255206
8/17/2016,0.003458856
8/18/2016,-0.003836104
8/19/2016,0.002399821
8/22/2016,-0.003006514
8/23/2016,0.003909086
8/24/2016,-0.002002559
8/25/2016,0.00094755
8/26/2016,-0.000946653
8/29/2016,0.00607547
8/30/2016,-0.001939058
8/31/2016,-0.005051346
9/1/2016,0.004128543
9/2/2016,0.004611624
9/6/2016,-0.001935734
9/7/2016,-0.00393439
9/8/2016,0.001947149
9/9/2016,-0.02476402
9/12/2016,0.014005921
9/13/2016,-0.011398091
9/14/2016,-0.002555802
9/15/2016,0.005523289
9/16/2016,-0.008664137
9/19/2016,0.009482463
9/20/2016,0.004979629
9/21/2016,0.011204955
9/22/2016,0.001447742
9/23/2016,-0.013678065
9/26/2016,-0.008117707
9/27/2016,0.001989201
9/28/2016,0.007317073
9/29/2016,-0.012500704
9/30/2016,0.004903917
10/3/2016,-0.006752539
10/4/2016,-0.019195612
10/5/2016,0.004135601
10/6/2016,-0.0043506
10/7/2016,-0.001806106
10/10/2016,-0.001108971
10/11/2016,-0.008531027
10/12/2016,0.000235738
10/13/2016,0.001767617
10/14/2016,0.001823315
10/17/2016,-0.000704515
10/18/2016,-0.001527525
10/19/2016,-0.000235363
10/20/2016,-0.000294273
10/21/2016,-0.002119392
10/24/2016,0.010442478
10/25/2016,-0.02942722
10/26/2016,0.001684413
10/27/2016,-0.004504234
10/28/2016,6.03E-05
10/31/2016,-0.002835254
11/1/2016,-0.006352087
11/2/2016,0.009010654
11/3/2016,0.006637302
11/4/2016,-0.002097944
11/7/2016,0.019581932
11/8/2016,0.007599859
11/9/2016,-0.003742034
11/10/2016,0.022829978
11/11/2016,0.004590314
11/14/2016,-0.012394334
11/15/2016,0.007691863
11/16/2016,-0.012798439
11/17/2016,0.004418348
11/18/2016,0.001099728
11/21/2016,-0.008325624
11/22/2016,0.002273787
11/23/2016,0.001977779
11/25/2016,0.007198839
11/28/2016,-0.005706381
11/29/2016,0.001565217
11/30/2016,-0.005961683
12/1/2016,0.005182252
12/2/2016,-0.001158547
12/5/2016,-0.004697558
12/6/2016,0.001048829
12/7/2016,0.024738068
12/8/2016,-0.000965635
12/9/2016,0.014839663
12/12/2016,0.006442938
12/13/2016,-0.004509018
12/14/2016,-0.012469944
12/15/2016,-0.003284258
12/16/2016,0.008124077
12/19/2016,0.004001127
12/20/2016,0.002750337
12/21/2016,-0.001231458
12/22/2016,0.004315418
12/23/2016,-0.002511161
12/27/2016,0.000951049
12/28/2016,-0.004694836
12/29/2016,0.0018531
12/30/2016,0.000896811
